WEO_Country_Code,ISO,Country,WEO_Subject_Code,Subject_Descriptor,Subject_Notes,Units,Scale,Country_Series-Specific_Notes,1980,1981,1982,1983,1984,1985,1986,1987,1988,1989,1990,1991,1992,1993,1994,1995,1996,1997,1998,1999,2000,2001,2002,2003,2004,2005,2006,2007,2008,2009,2010,2011,2012,2013,2014,2015,2016,2017,2018,2019,2020,2021,2022,2023,2024,Estimates_Start_After
512,AFG,Afghanistan,PCPIPCH,"Inflation, average consumer prices",Annual percentages of average consumer prices are year-on-year changes.,Percent change,Units,"See notes for:  Inflation, average consumer prices (Index).",,,,,,,,,,,,,,,,,,,,,,,,35.663,16.358,10.569,6.785,8.681,26.419,-6.811,2.179,11.804,6.441,7.386,4.674,-0.662,4.384,4.976,0.626,2.302,5.607,7.762,10.6,-7.714,,2024
914,ALB,Albania,PCPIPCH,"Inflation, average consumer prices",Annual percentages of average consumer prices are year-on-year changes.,Percent change,Units,"See notes for:  Inflation, average consumer prices (Index).",,,,,,,,,,,-0.18,35.717,225.996,85.005,22.565,7.794,12.734,33.167,20.646,0.389,0.039,3.12,5.202,2.363,2.867,2.363,2.37,2.96,3.31,2.231,3.615,3.443,2.036,1.925,1.613,1.868,1.287,1.985,2.029,1.411,1.621,2.043,6.726,4.769,2.242,2022
612,DZA,Algeria,PCPIPCH,"Inflation, average consumer prices",Annual percentages of average consumer prices are year-on-year changes.,Percent change,Units,"See notes for:  Inflation, average consumer prices (Index).",9.668,14.61,6.593,7.835,6.31,10.432,14.007,5.857,5.938,9.172,9.272,25.9,31.7,20.5,29.0,29.8,18.7,5.7,4.95,2.6,0.3,4.2,1.433,4.261,3.968,1.382,2.311,3.679,4.855,5.741,3.911,4.5,8.916,3.255,2.917,4.784,6.398,5.591,4.27,1.952,2.415,7.226,9.267,9.32,5.256,2023
171,AND,Andorra,PCPIPCH,"Inflation, average consumer prices",Annual percentages of average consumer prices are year-on-year changes.,Percent change,Units,"See notes for:  Inflation, average consumer prices (Index).",,,,,,,,,,,,,,,,,,,,,,,3.127,3.056,2.906,3.527,3.682,2.659,4.347,-1.217,1.706,2.552,1.467,0.475,-0.096,-1.132,-0.422,2.586,0.996,0.53,0.092,1.677,6.203,5.607,3.56,2023
614,AGO,Angola,PCPIPCH,"Inflation, average consumer prices",Annual percentages of average consumer prices are year-on-year changes.,Percent change,Units,"See notes for:  Inflation, average consumer prices (Index).",46.708,1.391,1.833,1.833,1.833,1.833,1.833,1.833,1.833,1.833,1.833,85.265,299.097,1379.476,949.771,2672.23,4146.01,221.492,107.429,248.248,325.029,152.586,108.893,98.219,43.525,22.961,13.305,12.249,12.465,13.721,14.48,13.484,10.285,8.782,7.298,9.159,30.694,29.844,19.629,17.079,22.277,25.765,21.36,13.639,28.386,2023
311,ATG,Antigua and Barbuda,PCPIPCH,"Inflation, average consumer prices",Annual percentages of average consumer prices are year-on-year changes.,Percent change,Units,"See notes for:  Inflation, average consumer prices (Index).",18.999,11.465,4.17,2.346,3.844,0.996,0.5,3.602,6.8,4.362,6.591,4.518,3.0,3.1,6.485,2.737,2.965,0.362,3.262,1.135,-0.162,1.935,2.408,1.994,2.03,2.099,1.788,1.416,5.334,-0.55,3.37,3.457,3.377,1.059,1.089,0.969,-0.489,2.432,1.211,1.431,1.058,1.627,7.531,5.067,5.963,2023
213,ARG,Argentina,PCPIPCH,"Inflation, average consumer prices",Annual percentages of average consumer prices are year-on-year changes.,Percent change,Units,"See notes for:  Inflation, average consumer prices (Index).",,,,,,,,,,,,,,,,,,,0.925,-1.167,-0.939,-1.065,25.869,13.443,4.416,9.642,10.898,8.83,8.585,6.27,10.461,9.775,10.043,10.619,,,,25.675,34.277,53.548,42.015,48.409,72.431,133.489,229.824,2023
911,ARM,Armenia,PCPIPCH,"Inflation, average consumer prices",Annual percentages of average consumer prices are year-on-year changes.,Percent change,Units,"See notes for:  Inflation, average consumer prices (Index).",,,,,,,,,,,,,,3731.8,5273.449,176.743,18.653,14.034,8.687,0.723,-0.774,3.16,1.038,4.682,6.889,0.569,2.899,4.409,9.115,3.516,8.152,7.494,2.492,5.714,3.02,3.696,-1.424,0.939,2.514,1.51,1.199,7.206,8.663,1.959,0.193,2022
314,ABW,Aruba,PCPIPCH,"Inflation, average consumer prices",Annual percentages of average consumer prices are year-on-year changes.,Percent change,Units,"See notes for:  Inflation, average consumer prices (Index).",,,,,,,,3.639,3.121,3.989,5.838,5.553,3.87,5.219,6.284,3.413,3.169,3.006,1.865,2.274,4.074,2.884,3.316,3.655,2.53,3.397,3.61,5.389,8.96,-2.137,2.078,4.375,0.571,-2.372,0.423,0.473,-0.929,-1.028,3.625,3.938,-1.312,0.744,5.522,3.363,2.31,2023
193,AUS,Australia,PCPIPCH,"Inflation, average consumer prices",Annual percentages of average consumer prices are year-on-year changes.,Percent change,Units,"See notes for:  Inflation, average consumer prices (Index).",10.136,9.488,11.352,10.039,3.96,6.735,9.05,8.533,7.27,7.58,7.233,3.307,0.969,1.752,1.927,4.626,2.653,0.225,0.859,1.408,4.457,4.407,3.049,2.731,2.342,2.659,3.554,2.356,4.348,1.77,2.863,3.356,1.686,2.45,2.513,1.485,1.277,1.995,1.933,1.566,0.912,2.798,6.615,5.616,3.315,2023
122,AUT,Austria,PCPIPCH,"Inflation, average consumer prices",Annual percentages of average consumer prices are year-on-year changes.,Percent change,Units,"See notes for:  Inflation, average consumer prices (Index).",6.325,6.807,5.44,3.335,5.665,3.19,1.737,1.408,1.868,2.249,2.777,3.116,3.426,3.234,2.711,1.611,1.771,1.167,0.817,0.516,1.956,2.302,1.681,1.302,1.964,2.102,1.686,2.2,3.23,0.406,1.691,3.542,2.569,2.118,1.465,0.81,0.972,2.228,2.122,1.495,1.391,2.756,8.614,7.71,3.043,2023
912,AZE,Azerbaijan,PCPIPCH,"Inflation, average consumer prices",Annual percentages of average consumer prices are year-on-year changes.,Percent change,Units,"See notes for:  Inflation, average consumer prices (Index).",,,,,,,,,,,,,,1129.7,1664.0,411.76,19.795,3.674,-0.773,-8.525,1.805,1.768,2.758,2.121,6.709,9.577,8.3,16.713,20.807,1.46,5.725,7.875,1.075,2.408,1.367,4.04,12.448,12.937,2.262,2.595,2.763,6.664,13.859,8.813,2.1,2022
313,BHS,The Bahamas,PCPIPCH,"Inflation, average consumer prices",Annual percentages of average consumer prices are year-on-year changes.,Percent change,Units,"See notes for:  Inflation, average consumer prices (Index).",12.231,11.046,6.101,4.0,3.966,4.624,5.414,5.994,4.051,5.405,4.628,7.304,5.577,2.748,1.367,2.023,1.262,0.561,1.207,1.119,1.732,2.362,1.498,3.657,1.16,1.819,1.958,2.407,4.434,1.666,1.621,3.064,1.912,0.445,1.183,1.878,-0.33,1.5,2.268,2.491,0.039,2.905,5.605,3.059,1.054,2023
419,BHR,Bahrain,PCPIPCH,"Inflation, average consumer prices",Annual percentages of average consumer prices are year-on-year changes.,Percent change,Units,"See notes for:  Inflation, average consumer prices (Index).",3.8,11.4,8.7,3.2,0.0,-2.4,-2.5,-1.7,0.2,1.2,1.299,0.899,-0.302,2.599,3.999,3.139,-0.185,4.602,-0.418,-1.259,-0.73,-1.175,-0.496,1.679,2.248,2.618,2.041,3.252,3.533,2.785,1.962,-0.336,2.756,3.302,2.646,1.849,2.789,1.386,2.091,1.007,-2.325,-0.611,3.635,0.075,1.4,2023
513,BGD,Bangladesh,PCPIPCH,"Inflation, average consumer prices",Annual percentages of average consumer prices are year-on-year changes.,Percent change,Units,"See notes for:  Inflation, average consumer prices (Index).",7.692,14.935,13.653,11.102,9.993,10.441,10.313,10.518,10.222,9.182,9.665,9.348,5.862,3.296,4.588,8.857,6.838,2.661,6.657,8.904,3.623,1.812,2.407,3.881,8.139,6.486,7.163,7.205,9.937,6.655,7.316,8.787,8.889,6.777,7.349,6.405,5.916,5.44,5.783,5.475,5.648,5.558,6.15,9.016,9.73,2023
316,BRB,Barbados,PCPIPCH,"Inflation, average consumer prices",Annual percentages of average consumer prices are year-on-year changes.,Percent change,Units,"See notes for:  Inflation, average consumer prices (Index).",18.498,14.589,10.287,5.275,4.648,4.858,0.199,3.567,4.719,6.334,3.036,6.3,5.996,1.184,0.7,2.838,2.386,7.711,-1.269,1.56,2.436,2.801,0.183,1.558,1.43,6.057,7.321,4.031,8.108,3.645,5.824,9.432,4.533,1.818,1.766,-1.113,1.511,4.424,3.015,1.69,0.647,1.426,4.474,3.187,2.627,2023
913,BLR,Belarus,PCPIPCH,"Inflation, average consumer prices",Annual percentages of average consumer prices are year-on-year changes.,Percent change,Units,"See notes for:  Inflation, average consumer prices (Index).",,,,,,,,,,,,,,1190.316,2220.897,709.297,52.688,63.82,73.018,293.733,168.601,61.133,42.568,28.398,18.094,10.336,6.992,8.429,14.828,12.95,7.743,53.228,59.218,18.303,18.107,13.523,11.829,6.032,4.867,5.6,5.536,9.453,15.239,5.017,6.041,2023
124,BEL,Belgium,PCPIPCH,"Inflation, average consumer prices",Annual percentages of average consumer prices are year-on-year changes.,Percent change,Units,"See notes for:  Inflation, average consumer prices (Index).",6.656,7.626,8.723,7.663,6.348,4.868,1.296,1.554,1.162,3.105,3.453,3.167,2.26,2.487,2.394,1.265,1.76,1.499,0.901,1.134,2.682,2.438,1.552,1.517,1.857,2.539,2.331,1.819,4.49,-0.004,2.329,3.344,2.621,1.252,0.495,0.623,1.774,2.222,2.309,1.249,0.421,3.21,10.325,2.293,4.319,2023
339,BLZ,Belize,PCPIPCH,"Inflation, average consumer prices",Annual percentages of average consumer prices are year-on-year changes.,Percent change,Units,"See notes for:  Inflation, average consumer prices (Index).",7.051,11.224,6.839,4.996,3.383,4.153,0.794,2.021,5.321,0.0,2.047,2.253,2.397,1.473,2.569,2.89,6.425,1.026,-0.847,-1.207,0.614,1.149,2.195,2.621,3.067,3.651,4.24,2.318,6.394,-1.104,0.918,1.656,1.247,0.51,1.201,-0.862,0.661,1.15,0.27,0.186,0.122,3.239,6.274,4.399,3.313,2023
638,BEN,Benin,PCPIPCH,"Inflation, average consumer prices",Annual percentages of average consumer prices are year-on-year changes.,Percent change,Units,"See notes for:  Inflation, average consumer prices (Index).",9.596,0.795,4.059,-6.067,10.265,1.151,0.414,-1.339,3.445,-0.202,1.112,2.1,5.921,0.445,38.535,14.458,4.917,3.803,5.755,0.348,4.034,3.757,2.744,1.814,1.335,4.658,5.164,1.252,6.801,0.738,2.34,2.847,7.0,0.967,-1.067,0.202,-0.794,1.769,0.849,-0.933,3.049,1.7,1.4,2.8,2.0,2023
514,BTN,Bhutan,PCPIPCH,"Inflation, average consumer prices",Annual percentages of average consumer prices are year-on-year changes.,Percent change,Units,"See notes for:  Inflation, average consumer prices (Index).",12.504,4.967,9.918,12.137,13.046,8.001,5.177,7.044,8.183,8.864,9.408,10.345,8.144,9.595,9.497,7.084,8.779,8.551,7.591,9.058,7.183,3.724,2.939,2.472,3.346,4.823,4.93,5.246,6.3,7.127,4.826,8.552,10.115,8.109,9.599,6.65,3.268,4.325,3.661,2.813,3.048,8.211,5.935,4.555,4.6,2023
218,BOL,Bolivia,PCPIPCH,"Inflation, average consumer prices",Annual percentages of average consumer prices are year-on-year changes.,Percent change,Units,"See notes for:  Inflation, average consumer prices (Index).",47.059,32.134,123.555,275.579,1281.347,11749.63,273.35,14.579,16.002,15.174,17.12,21.444,12.958,8.526,7.875,10.192,12.43,4.709,7.674,2.161,4.601,1.596,0.923,3.338,2.489,5.4,4.3,8.682,14.009,3.345,2.502,9.884,4.517,5.737,5.765,4.061,3.625,2.822,2.272,1.839,0.942,0.736,1.747,2.577,4.278,2023
963,BIH,Bosnia and Herzegovina,PCPIPCH,"Inflation, average consumer prices",Annual percentages of average consumer prices are year-on-year changes.,Percent change,Units,"See notes for:  Inflation, average consumer prices (Index).",,,,,,,,,,,,,,,,,,5.732,-0.279,2.841,4.973,3.212,0.313,0.547,0.282,3.582,6.125,1.501,7.427,-0.381,2.124,3.989,2.053,-0.093,-0.897,-1.023,-1.584,0.81,1.417,0.559,-1.052,1.998,14.012,6.098,2.186,2023
616,BWA,Botswana,PCPIPCH,"Inflation, average consumer prices",Annual percentages of average consumer prices are year-on-year changes.,Percent change,Units,"See notes for:  Inflation, average consumer prices (Index).",12.127,16.3,11.2,10.5,8.6,8.1,10.0,9.8,8.4,11.6,11.4,12.6,16.5,14.4,10.6,10.5,10.1,8.9,6.51,7.816,8.534,6.565,8.026,9.185,6.988,8.61,11.553,7.077,12.623,8.108,6.95,8.473,7.537,5.882,4.415,3.054,2.81,3.296,3.241,2.745,1.89,6.679,12.166,5.144,3.8,2023
223,BRA,Brazil,PCPIPCH,"Inflation, average consumer prices",Annual percentages of average consumer prices are year-on-year changes.,Percent change,Units,"See notes for:  Inflation, average consumer prices (Index).",90.227,101.737,100.574,135.02,192.121,226.029,147.137,228.327,629.118,1430.724,2947.733,432.772,951.956,1927.381,2075.827,66.008,15.757,6.926,3.196,4.859,7.044,6.84,8.45,14.714,6.598,6.87,4.184,3.641,5.678,4.888,5.039,6.636,5.404,6.204,6.329,9.03,8.74,3.446,3.665,3.733,3.212,8.302,9.28,4.594,4.272,2023
516,BRN,Brunei Darussalam,PCPIPCH,"Inflation, average consumer prices",Annual percentages of average consumer prices are year-on-year changes.,Percent change,Units,"See notes for:  Inflation, average consumer prices (Index).",,,0.0,1.166,3.098,2.131,1.781,1.247,1.193,1.304,2.139,1.6,1.28,4.252,2.463,5.967,1.996,1.712,-0.441,-0.416,1.558,0.596,-2.315,0.3,0.814,1.244,0.16,0.968,2.085,1.036,0.357,0.138,0.112,0.389,-0.207,-0.488,-0.279,-1.261,1.025,-0.391,1.94,1.733,3.683,0.37,0.5,2023
918,BGR,Bulgaria,PCPIPCH,"Inflation, average consumer prices",Annual percentages of average consumer prices are year-on-year changes.,Percent change,Units,"See notes for:  Inflation, average consumer prices (Index).",,0.002,2.8,2.8,2.8,2.8,2.7,2.7,2.5,6.404,23.9,333.5,82.0,72.804,96.0,62.1,123.0,1061.206,18.679,2.572,10.318,7.358,5.813,2.348,6.149,6.038,7.416,7.572,11.951,2.469,3.039,3.386,2.391,0.385,-1.601,-1.067,-1.323,1.188,2.631,2.457,1.219,2.842,13.019,8.599,2.84,2023
748,BFA,Burkina Faso,PCPIPCH,"Inflation, average consumer prices",Annual percentages of average consumer prices are year-on-year changes.,Percent change,Units,"See notes for:  Inflation, average consumer prices (Index).",12.259,7.556,12.058,8.346,4.847,7.054,-2.7,-2.85,4.191,-0.322,-0.807,2.502,-1.991,0.614,24.72,7.772,6.109,2.929,4.911,-1.08,-0.169,4.727,2.3,2.04,-0.4,6.409,2.336,-0.233,10.668,0.864,-0.608,2.769,3.817,0.525,-0.258,1.653,0.441,1.483,1.956,-3.233,1.885,3.908,14.07,0.74,2.1,2023
618,BDI,Burundi,PCPIPCH,"Inflation, average consumer prices",Annual percentages of average consumer prices are year-on-year changes.,Percent change,Units,"See notes for:  Inflation, average consumer prices (Index).",1.2,12.167,5.868,8.151,14.317,3.804,1.676,7.113,4.487,11.662,7.002,8.997,1.797,9.657,14.897,19.221,26.512,31.063,12.471,3.522,25.523,7.868,-1.258,10.574,8.177,13.253,2.744,8.412,24.407,10.557,6.496,9.583,18.176,7.938,4.417,5.554,5.526,16.597,-2.767,-0.709,7.305,8.313,18.888,26.955,20.0,2022
624,CPV,Cabo Verde,PCPIPCH,"Inflation, average consumer prices",Annual percentages of average consumer prices are year-on-year changes.,Percent change,Units,"See notes for:  Inflation, average consumer prices (Index).",15.071,20.68,21.127,20.155,9.677,5.882,11.111,3.75,3.614,4.651,11.111,7.587,13.429,5.828,3.344,8.41,6.01,8.574,4.399,4.344,-2.403,3.674,1.918,1.188,-1.891,0.434,4.842,4.4,6.774,1.005,2.074,4.473,2.543,1.506,-0.238,0.143,-1.436,0.783,1.275,1.106,0.605,1.863,7.93,3.717,2.0,2022
522,KHM,Cambodia,PCPIPCH,"Inflation, average consumer prices",Annual percentages of average consumer prices are year-on-year changes.,Percent change,Units,"See notes for:  Inflation, average consumer prices (Index).",,,,,,,,-31.248,23.0,63.8,141.8,191.0,75.0,114.319,10.44,10.077,7.147,10.503,12.899,1.996,-0.826,-0.117,-0.036,1.027,3.925,6.349,6.143,7.668,24.997,-0.663,3.997,5.48,2.933,2.944,3.853,1.215,3.035,2.906,2.46,1.944,2.938,2.921,5.327,2.143,0.662,2023
622,CMR,Cameroon,PCPIPCH,"Inflation, average consumer prices",Annual percentages of average consumer prices are year-on-year changes.,Percent change,Units,"See notes for:  Inflation, average consumer prices (Index).",7.681,7.546,15.326,20.509,12.095,4.202,4.301,2.794,1.705,1.597,1.504,-0.602,1.886,-3.72,14.88,25.805,3.921,4.783,3.177,1.832,1.245,4.45,2.817,0.63,0.25,1.993,4.906,1.125,5.338,3.04,1.279,2.955,2.384,2.05,1.855,2.678,0.873,0.641,1.064,2.456,2.451,2.262,6.252,7.386,4.4,2022
156,CAN,Canada,PCPIPCH,"Inflation, average consumer prices",Annual percentages of average consumer prices are year-on-year changes.,Percent change,Units,"See notes for:  Inflation, average consumer prices (Index).",10.183,12.462,10.803,5.816,4.339,3.951,4.174,4.365,4.031,4.984,4.78,5.626,1.49,1.865,0.166,2.149,1.571,1.621,0.996,1.735,2.719,2.525,2.258,2.759,1.857,2.214,2.002,2.138,2.37,0.299,1.777,2.912,1.516,0.938,1.907,1.125,1.429,1.597,2.268,1.949,0.717,3.395,6.803,3.879,2.439,2023
626,CAF,Central African Republic,PCPIPCH,"Inflation, average consumer prices",Annual percentages of average consumer prices are year-on-year changes.,Percent change,Units,"See notes for:  Inflation, average consumer prices (Index).",13.3,14.66,13.243,14.558,2.604,10.457,2.411,-6.986,-3.934,0.645,-0.203,-2.848,-0.757,-2.909,24.55,19.2,3.842,1.623,-2.024,-1.554,3.365,4.083,2.266,4.386,-2.593,2.879,6.888,0.867,9.25,3.581,1.486,1.194,5.889,3.971,17.775,1.403,4.946,4.18,1.612,2.752,0.881,4.259,5.579,2.98,4.651,2022
628,TCD,Chad,PCPIPCH,"Inflation, average consumer prices",Annual percentages of average consumer prices are year-on-year changes.,Percent change,Units,"See notes for:  Inflation, average consumer prices (Index).",8.635,8.128,6.429,7.875,20.3,5.071,-13.054,-2.73,14.9,-4.9,0.5,4.2,-3.8,-10.874,41.272,5.364,11.331,5.572,4.259,-8.447,3.823,12.431,5.192,-1.753,-4.803,12.385,9.64,-7.44,8.333,10.103,-2.11,2.029,7.517,0.223,-5.498,4.833,-1.613,-0.912,4.027,-0.971,4.474,-0.795,5.832,4.101,4.944,2022
228,CHL,Chile,PCPIPCH,"Inflation, average consumer prices",Annual percentages of average consumer prices are year-on-year changes.,Percent change,Units,"See notes for:  Inflation, average consumer prices (Index).",35.138,19.687,9.941,27.257,19.86,30.703,19.477,19.881,14.684,17.028,26.036,21.815,15.454,12.743,11.46,8.229,7.356,6.127,5.106,3.333,3.838,3.565,2.486,2.811,1.053,3.053,3.402,4.413,8.723,1.498,1.408,3.335,2.999,1.789,4.714,4.349,3.789,2.183,2.317,2.249,3.043,4.524,11.645,7.583,3.898,2023
924,CHN,China,PCPIPCH,"Inflation, average consumer prices",Annual percentages of average consumer prices are year-on-year changes.,Percent change,Units,"See notes for:  Inflation, average consumer prices (Index).",,2.5,2.0,2.0,2.7,9.3,6.5,7.3,18.8,18.0,3.308,3.562,6.358,14.624,24.264,16.771,8.304,2.778,-0.781,-1.401,0.348,0.724,-0.768,1.163,3.894,1.809,1.468,4.772,5.844,-0.692,3.329,5.416,2.62,2.627,1.994,1.443,1.996,1.579,2.093,2.905,2.491,0.917,1.975,0.228,0.422,2023
233,COL,Colombia,PCPIPCH,"Inflation, average consumer prices",Annual percentages of average consumer prices are year-on-year changes.,Percent change,Units,"See notes for:  Inflation, average consumer prices (Index).",25.932,27.393,24.86,19.526,16.283,23.906,18.848,23.334,28.1,25.935,29.115,30.318,27.02,22.449,22.851,20.884,20.803,18.476,18.65,10.876,9.218,7.958,6.35,7.12,5.906,5.048,4.303,5.543,7.001,4.193,2.268,3.415,3.174,2.022,2.905,4.991,7.507,4.312,3.241,3.524,2.525,3.505,10.183,11.729,6.719,2023
632,COM,Comoros,PCPIPCH,"Inflation, average consumer prices",Annual percentages of average consumer prices are year-on-year changes.,Percent change,Units,"See notes for:  Inflation, average consumer prices (Index).",13.329,6.5,15.211,9.21,6.055,8.382,-11.289,3.3,0.29,4.44,-7.39,1.7,-1.4,2.0,25.3,3.15,2.4,1.5,1.2,1.1,5.9,5.571,3.578,3.713,4.496,3.007,3.389,4.486,4.816,4.789,3.899,2.231,5.91,0.416,-0.008,0.941,0.802,0.092,1.702,3.701,0.8,-0.015,12.444,8.482,4.007,2023
636,COD,Democratic Republic of the Congo,PCPIPCH,"Inflation, average consumer prices",Annual percentages of average consumer prices are year-on-year changes.,Percent change,Units,"See notes for:  Inflation, average consumer prices (Index).",40.039,34.884,37.069,76.73,52.63,23.46,46.73,90.37,82.749,104.065,81.295,2154.44,4129.17,1986.9,23773.1,541.801,617.0,199.0,29.145,284.9,550.0,357.28,25.316,12.817,4.001,21.545,12.845,16.672,17.966,46.101,23.461,14.95,0.857,0.876,1.24,0.738,3.193,35.734,29.266,4.705,11.358,8.989,9.266,19.894,17.819,2023
634,COG,Republic of Congo,PCPIPCH,"Inflation, average consumer prices",Annual percentages of average consumer prices are year-on-year changes.,Percent change,Units,"See notes for:  Inflation, average consumer prices (Index).",7.296,0.782,3.454,3.471,3.488,3.505,3.521,3.537,-13.013,-9.582,0.343,9.358,-3.162,-4.1,7.497,6.3,7.4,12.7,2.2,3.0,0.5,0.844,2.985,1.69,3.67,2.466,4.658,2.595,6.02,4.339,0.391,1.761,5.009,4.631,0.912,3.168,3.191,0.449,1.153,0.4,1.373,1.969,3.026,4.31,4.0,2023
238,CRI,Costa Rica,PCPIPCH,"Inflation, average consumer prices",Annual percentages of average consumer prices are year-on-year changes.,Percent change,Units,"See notes for:  Inflation, average consumer prices (Index).",18.121,36.806,90.271,32.503,12.013,15.129,11.788,16.806,20.845,16.491,19.069,20.195,21.788,9.781,13.534,23.186,17.512,13.248,11.66,10.045,10.961,11.256,9.167,9.448,12.315,13.798,11.471,9.357,13.425,7.843,5.663,4.878,4.496,5.231,4.519,0.802,-0.017,1.626,2.221,2.096,0.725,1.727,8.275,0.525,-0.258,2023
662,CIV,CÃ´te d'Ivoire,PCPIPCH,"Inflation, average consumer prices",Annual percentages of average consumer prices are year-on-year changes.,Percent change,Units,"See notes for:  Inflation, average consumer prices (Index).",8.81,8.682,7.389,5.879,4.281,1.753,6.837,6.978,6.935,0.986,-0.658,1.575,4.218,2.13,25.956,14.1,2.7,6.301,4.503,0.744,2.534,4.355,3.08,3.297,1.459,3.884,2.466,1.896,1.706,0.518,1.751,4.895,1.3,2.584,0.49,1.151,0.649,0.556,0.624,0.806,2.415,4.159,5.208,4.389,3.8,2023
960,HRV,Croatia,PCPIPCH,"Inflation, average consumer prices",Annual percentages of average consumer prices are year-on-year changes.,Percent change,Units,"See notes for:  Inflation, average consumer prices (Index).",,,,,,,,,,,,,,1518.531,97.505,1.963,3.644,3.709,6.709,4.014,4.605,4.26,2.534,2.399,2.144,2.995,3.288,2.659,5.803,2.225,1.083,2.21,3.353,2.326,0.22,-0.256,-0.63,1.302,1.557,0.791,-0.03,2.724,10.67,8.393,3.965,2023
423,CYP,Cyprus,PCPIPCH,"Inflation, average consumer prices",Annual percentages of average consumer prices are year-on-year changes.,Percent change,Units,"See notes for:  Inflation, average consumer prices (Index).",13.518,10.745,6.433,5.05,5.992,5.034,1.218,2.679,3.433,3.766,4.503,5.04,6.501,4.889,4.66,2.612,2.582,3.308,2.338,1.136,4.858,1.988,2.781,3.978,1.896,2.026,2.252,2.171,4.384,0.18,2.559,3.482,3.088,0.38,-0.268,-1.541,-1.217,0.683,0.782,0.545,-1.098,2.243,8.084,3.943,2.176,2023
935,CZE,Czech Republic,PCPIPCH,"Inflation, average consumer prices",Annual percentages of average consumer prices are year-on-year changes.,Percent change,Units,"See notes for:  Inflation, average consumer prices (Index).",,,,,,,,,,,,,,,,,8.759,8.596,10.698,2.135,3.775,4.663,1.903,0.119,2.76,1.857,2.534,2.853,6.359,1.019,1.473,1.917,3.288,1.438,0.344,0.309,0.684,2.451,2.149,2.848,3.161,3.84,15.1,10.661,2.337,2023
128,DNK,Denmark,PCPIPCH,"Inflation, average consumer prices",Annual percentages of average consumer prices are year-on-year changes.,Percent change,Units,"See notes for:  Inflation, average consumer prices (Index).",11.339,11.718,10.146,6.835,6.343,4.662,3.718,3.979,4.525,4.78,2.648,2.167,1.944,0.872,1.841,2.038,2.092,1.933,1.314,2.041,2.751,2.269,2.397,1.961,0.937,1.726,1.844,1.657,3.638,1.042,2.198,2.656,2.354,0.522,0.352,0.226,0.017,1.058,0.709,0.729,0.333,1.944,8.534,3.353,1.8,2022
611,DJI,Djibouti,PCPIPCH,"Inflation, average consumer prices",Annual percentages of average consumer prices are year-on-year changes.,Percent change,Units,"See notes for:  Inflation, average consumer prices (Index).",,,,,,,,,,,,,3.371,4.438,6.505,4.886,3.513,2.52,2.205,-0.401,1.184,1.891,1.404,1.59,2.439,3.281,3.514,5.896,8.73,5.551,2.485,5.242,4.221,1.063,1.342,-0.522,2.403,0.577,0.139,3.318,1.779,1.181,5.172,1.447,1.414,2023
321,DMA,Dominica,PCPIPCH,"Inflation, average consumer prices",Annual percentages of average consumer prices are year-on-year changes.,Percent change,Units,"See notes for:  Inflation, average consumer prices (Index).",23.855,13.267,4.415,4.228,2.13,2.085,3.016,4.816,2.252,7.665,3.194,5.556,5.256,1.568,-0.012,1.293,1.701,2.415,0.956,1.236,0.848,1.556,0.17,1.453,2.394,1.682,2.593,3.238,6.36,0.006,2.81,1.063,1.357,-0.046,0.807,-0.852,0.142,0.296,0.989,1.505,-0.727,1.571,7.707,3.463,2.808,2023
243,DOM,Dominican Republic,PCPIPCH,"Inflation, average consumer prices",Annual percentages of average consumer prices are year-on-year changes.,Percent change,Units,"See notes for:  Inflation, average consumer prices (Index).",21.664,7.523,7.643,5.629,20.152,45.336,7.639,13.551,43.864,40.658,50.463,47.079,4.259,5.25,8.261,12.536,5.399,8.297,4.832,6.471,7.723,8.884,5.223,27.45,51.461,4.19,7.573,6.144,10.644,1.442,6.33,8.459,3.694,4.831,2.999,0.837,1.614,3.28,3.564,1.811,3.781,8.243,8.812,4.786,3.39,2023
248,ECU,Ecuador,PCPIPCH,"Inflation, average consumer prices",Annual percentages of average consumer prices are year-on-year changes.,Percent change,Units,"See notes for:  Inflation, average consumer prices (Index).",13.049,16.387,16.258,48.434,31.23,27.983,23.03,29.504,58.216,75.648,48.519,48.804,54.341,45.0,27.443,22.886,24.4,30.6,36.1,52.2,96.1,37.674,12.485,7.929,2.741,2.17,3.299,2.276,8.4,5.16,3.554,4.475,5.102,2.722,3.589,3.966,1.728,0.417,-0.224,0.266,-0.339,0.133,3.466,2.216,1.873,2023
469,EGY,Egypt,PCPIPCH,"Inflation, average consumer prices",Annual percentages of average consumer prices are year-on-year changes.,Percent change,Units,"See notes for:  Inflation, average consumer prices (Index).",20.5,10.4,14.9,15.982,17.06,12.108,23.9,25.185,15.185,20.129,21.219,14.737,21.142,11.042,9.046,9.361,7.095,6.167,5.041,3.745,2.849,2.417,2.258,3.412,8.151,8.703,4.292,10.882,11.742,16.161,11.658,11.056,8.692,6.916,10.093,10.988,10.212,23.534,20.851,13.875,5.7,4.5,8.5,24.392,33.302,2024
253,SLV,El Salvador,PCPIPCH,"Inflation, average consumer prices",Annual percentages of average consumer prices are year-on-year changes.,Percent change,Units,"See notes for:  Inflation, average consumer prices (Index).",17.359,14.818,11.703,13.121,11.705,22.318,31.945,24.849,19.772,17.651,28.294,14.409,11.221,18.505,10.584,10.03,9.79,4.49,2.549,0.513,2.274,3.745,1.869,2.121,4.452,4.69,4.035,4.58,7.258,0.537,1.179,5.129,1.73,0.758,1.141,-0.731,0.604,1.014,1.088,0.074,-0.37,3.468,7.196,4.047,1.046,2023
642,GNQ,Equatorial Guinea,PCPIPCH,"Inflation, average consumer prices",Annual percentages of average consumer prices are year-on-year changes.,Percent change,Units,"See notes for:  Inflation, average consumer prices (Index).",,16.7,38.256,60.058,59.518,83.999,-17.64,-13.174,2.524,6.064,0.922,-3.425,-4.279,5.452,31.841,19.872,4.541,3.017,7.936,0.372,4.836,8.739,7.582,7.324,4.237,5.637,4.465,2.798,4.652,5.71,5.346,4.799,3.442,3.179,4.296,1.695,1.398,0.746,1.346,1.244,4.766,-0.094,4.869,2.51,4.0,2023
643,ERI,Eritrea,PCPIPCH,"Inflation, average consumer prices",Annual percentages of average consumer prices are year-on-year changes.,Percent change,Units,"See notes for:  Inflation, average consumer prices (Index).",,,,,,,,,,,,,,4.787,13.147,11.983,10.288,3.739,9.467,8.397,19.947,14.625,16.877,22.669,25.111,12.506,7.707,9.409,22.168,33.852,10.297,5.887,6.035,6.274,8.36,28.483,-5.577,-13.306,-14.401,1.3,,,,,,2019
939,EST,Estonia,PCPIPCH,"Inflation, average consumer prices",Annual percentages of average consumer prices are year-on-year changes.,Percent change,Units,"See notes for:  Inflation, average consumer prices (Index).",,,,,,,,,,,,,,,47.656,29.003,19.742,9.311,8.782,3.098,3.932,5.626,3.588,1.387,3.038,4.117,4.444,6.745,10.606,0.199,2.741,5.08,4.219,3.247,0.476,0.068,0.8,3.651,3.412,2.268,-0.634,4.487,19.447,9.116,3.409,2023
734,SWZ,Eswatini,PCPIPCH,"Inflation, average consumer prices",Annual percentages of average consumer prices are year-on-year changes.,Percent change,Units,"See notes for:  Inflation, average consumer prices (Index).",18.2,20.056,10.807,11.568,12.94,20.463,13.737,13.377,20.395,7.546,13.092,8.934,7.558,12.023,13.769,12.289,6.425,7.945,7.51,5.862,9.911,7.489,11.869,7.276,3.47,4.895,5.195,8.076,12.657,7.448,4.509,6.107,8.94,5.621,5.681,4.951,7.847,6.221,4.815,2.598,3.872,3.719,4.802,4.949,4.763,2023
644,ETH,Ethiopia,PCPIPCH,"Inflation, average consumer prices",Annual percentages of average consumer prices are year-on-year changes.,Percent change,Units,"See notes for:  Inflation, average consumer prices (Index).",12.437,1.937,7.774,3.569,-0.334,18.403,5.55,-9.146,2.206,9.633,5.206,20.869,21.019,9.99,1.166,13.354,0.919,-6.42,3.6,7.941,0.662,-8.238,1.654,17.762,3.221,11.656,13.558,17.245,44.371,8.479,8.134,33.232,24.132,8.071,7.404,9.569,6.628,10.687,13.833,15.81,20.354,26.794,33.938,30.219,23.948,2023
819,FJI,Fiji,PCPIPCH,"Inflation, average consumer prices",Annual percentages of average consumer prices are year-on-year changes.,Percent change,Units,"See notes for:  Inflation, average consumer prices (Index).",14.464,11.2,7.014,6.807,5.271,4.41,1.79,5.664,11.758,6.189,8.191,6.497,4.883,5.207,0.8,2.183,3.01,3.393,5.743,1.983,1.099,4.264,0.722,4.22,2.827,2.303,2.483,4.811,7.726,3.655,3.689,7.282,3.416,2.909,0.519,1.375,3.863,3.348,4.081,1.773,-2.595,0.156,4.32,2.3,5.2,2023
172,FIN,Finland,PCPIPCH,"Inflation, average consumer prices",Annual percentages of average consumer prices are year-on-year changes.,Percent change,Units,"See notes for:  Inflation, average consumer prices (Index).",11.602,12.0,9.3,8.4,7.0,5.82,2.9,4.082,5.135,6.572,4.957,4.545,3.254,3.326,1.614,0.398,1.063,1.217,1.349,1.31,2.952,2.665,2.007,1.29,0.147,0.774,1.275,1.583,3.916,1.634,1.686,3.324,3.162,2.216,1.209,-0.156,0.389,0.839,1.169,1.137,0.383,2.066,7.172,4.34,1.237,2023
132,FRA,France,PCPIPCH,"Inflation, average consumer prices",Annual percentages of average consumer prices are year-on-year changes.,Percent change,Units,"See notes for:  Inflation, average consumer prices (Index).",13.057,13.333,11.978,9.46,7.674,5.831,2.539,3.289,2.701,6.569,0.323,3.406,2.455,2.234,1.667,1.768,2.081,1.267,0.677,0.575,1.815,1.784,1.938,2.169,2.335,1.888,1.893,1.608,3.16,0.101,1.738,2.287,2.216,0.99,0.613,0.086,0.307,1.166,2.1,1.297,0.527,2.068,5.903,5.662,2.313,2023
646,GAB,Gabon,PCPIPCH,"Inflation, average consumer prices",Annual percentages of average consumer prices are year-on-year changes.,Percent change,Units,"See notes for:  Inflation, average consumer prices (Index).",12.321,8.6,16.7,10.4,5.9,7.3,6.4,-1.0,-9.8,6.903,15.369,-9.83,-9.543,0.534,36.116,9.647,0.69,3.973,1.449,-1.935,0.504,2.136,0.164,2.105,0.408,1.171,-1.406,-1.021,5.263,1.885,1.447,1.262,2.683,0.48,4.512,-0.143,2.086,2.652,4.777,2.022,1.703,1.077,4.25,3.634,2.09,2023
648,GMB,The Gambia,PCPIPCH,"Inflation, average consumer prices",Annual percentages of average consumer prices are year-on-year changes.,Percent change,Units,"See notes for:  Inflation, average consumer prices (Index).",5.019,7.92,8.235,10.645,22.106,18.32,56.556,23.712,11.549,8.255,12.168,8.642,9.484,6.466,1.71,6.981,1.099,2.781,1.114,3.807,0.851,4.492,8.61,17.032,14.287,4.959,2.056,5.37,4.451,4.554,5.049,4.796,4.645,5.241,6.262,6.808,7.225,8.049,6.521,7.116,5.931,7.37,11.513,16.966,14.4,2022
915,GEO,Georgia,PCPIPCH,"Inflation, average consumer prices",Annual percentages of average consumer prices are year-on-year changes.,Percent change,Units,"See notes for:  Inflation, average consumer prices (Index).",,,,,,,,,,,,,,,,,,7.161,3.564,19.144,4.026,4.686,5.579,4.785,5.656,8.247,9.161,9.245,9.999,1.728,7.111,8.543,-0.944,-0.512,3.069,4.004,2.135,6.035,2.615,4.853,5.202,9.567,11.898,2.488,1.112,2023
134,DEU,Germany,PCPIPCH,"Inflation, average consumer prices",Annual percentages of average consumer prices are year-on-year changes.,Percent change,Units,"See notes for:  Inflation, average consumer prices (Index).",5.447,6.324,5.256,3.284,2.396,2.084,-0.125,0.242,1.274,2.778,2.687,3.474,5.046,4.476,2.717,1.733,1.274,1.507,0.596,0.647,1.413,1.9,1.326,1.074,1.78,1.928,1.775,2.271,2.754,0.246,1.119,2.482,2.159,1.607,0.769,0.68,0.367,1.702,1.935,1.354,0.371,3.212,8.666,6.03,2.374,2023
652,GHA,Ghana,PCPIPCH,"Inflation, average consumer prices",Annual percentages of average consumer prices are year-on-year changes.,Percent change,Units,"See notes for:  Inflation, average consumer prices (Index).",50.005,116.504,22.485,122.245,40.03,10.301,24.539,39.758,31.369,25.237,37.241,18.097,10.049,24.942,24.874,59.317,44.487,24.825,19.208,12.471,25.113,32.932,14.846,26.626,12.666,15.095,11.683,10.729,16.505,13.139,6.698,7.676,7.072,11.666,15.486,17.153,17.455,12.372,9.837,7.208,9.918,9.976,31.92,39.234,19.525,2023
174,GRC,Greece,PCPIPCH,"Inflation, average consumer prices",Annual percentages of average consumer prices are year-on-year changes.,Percent change,Units,"See notes for:  Inflation, average consumer prices (Index).",24.873,24.463,21.125,20.179,18.456,19.315,23.017,16.397,13.518,13.702,20.434,19.456,15.877,14.411,10.873,8.788,7.873,5.441,4.517,2.141,2.897,3.642,3.921,3.45,3.02,3.486,3.314,2.989,4.23,1.347,4.704,3.118,1.035,-0.854,-1.394,-1.094,0.013,1.138,0.774,0.517,-1.262,0.574,9.3,4.155,2.909,2023
328,GRD,Grenada,PCPIPCH,"Inflation, average consumer prices",Annual percentages of average consumer prices are year-on-year changes.,Percent change,Units,"See notes for:  Inflation, average consumer prices (Index).",21.821,18.787,7.813,6.095,5.66,2.501,0.557,-0.872,4.0,5.593,2.724,2.645,3.778,2.809,6.435,3.027,2.032,1.245,1.405,0.574,2.142,1.671,1.067,2.155,2.313,3.476,4.252,3.859,8.033,-0.309,3.437,3.033,2.411,-0.044,-0.983,-0.584,1.716,0.911,0.805,0.599,-0.742,1.22,2.582,2.711,2.145,2023
258,GTM,Guatemala,PCPIPCH,"Inflation, average consumer prices",Annual percentages of average consumer prices are year-on-year changes.,Percent change,Units,"See notes for:  Inflation, average consumer prices (Index).",10.667,11.4,4.898,6.719,3.208,19.176,32.78,10.848,10.295,12.988,37.977,35.105,10.245,13.362,12.51,8.414,11.054,9.235,6.615,5.211,5.979,7.292,8.126,5.611,7.573,9.104,6.564,6.819,11.36,1.859,3.858,6.199,3.8,4.342,3.42,2.388,4.447,4.427,3.749,3.704,3.211,4.263,6.882,6.209,3.562,2023
656,GIN,Guinea,PCPIPCH,"Inflation, average consumer prices",Annual percentages of average consumer prices are year-on-year changes.,Percent change,Units,"See notes for:  Inflation, average consumer prices (Index).",39.985,35.0,29.915,30.263,26.01,19.038,64.7,36.89,27.291,28.256,25.694,19.682,16.559,7.135,4.22,5.554,2.986,1.937,5.103,4.554,6.766,5.377,2.96,11.036,17.463,31.358,34.702,22.861,18.367,4.682,15.466,21.351,15.227,11.887,9.712,8.151,8.174,8.914,9.826,9.471,10.602,12.597,10.499,7.8,11.034,2023
654,GNB,Guinea-Bissau,PCPIPCH,"Inflation, average consumer prices",Annual percentages of average consumer prices are year-on-year changes.,Percent change,Units,"See notes for:  Inflation, average consumer prices (Index).",64.762,41.94,16.542,23.309,64.855,112.71,26.548,86.771,60.309,80.788,33.001,57.599,69.444,48.227,15.176,45.133,50.933,49.065,8.071,-2.092,8.61,3.252,3.302,-3.474,0.821,3.358,1.953,4.627,10.445,-1.637,1.071,5.055,2.061,0.779,-1.032,1.481,2.707,-0.186,0.381,0.286,1.463,3.274,7.917,7.164,4.226,2022
336,GUY,Guyana,PCPIPCH,"Inflation, average consumer prices",Annual percentages of average consumer prices are year-on-year changes.,Percent change,Units,"See notes for:  Inflation, average consumer prices (Index).",14.088,22.235,20.607,15.288,25.139,15.031,7.9,28.7,39.9,89.5,64.3,103.1,26.7,8.4,12.4,12.222,7.092,3.556,4.568,7.533,6.112,2.648,5.36,5.979,4.67,6.925,6.677,12.2,8.102,2.952,4.302,4.408,2.391,1.909,0.684,-0.865,0.827,1.944,1.272,2.092,1.232,3.321,6.477,4.519,2.734,2023
263,HTI,Haiti,PCPIPCH,"Inflation, average consumer prices",Annual percentages of average consumer prices are year-on-year changes.,Percent change,Units,"See notes for:  Inflation, average consumer prices (Index).",19.079,10.858,7.359,10.244,6.402,10.649,3.28,-11.449,4.105,6.924,21.276,15.42,19.358,22.556,42.557,30.2,20.584,11.606,6.591,2.794,6.446,15.489,6.555,22.238,25.71,14.111,12.972,6.913,12.511,5.597,2.921,5.242,5.699,5.299,3.155,5.317,11.435,10.61,11.416,17.308,22.945,15.941,27.576,44.1,26.005,2023
268,HND,Honduras,PCPIPCH,"Inflation, average consumer prices",Annual percentages of average consumer prices are year-on-year changes.,Percent change,Units,"See notes for:  Inflation, average consumer prices (Index).",18.074,9.406,9.023,8.213,4.726,3.363,4.353,2.487,4.491,9.85,23.323,33.949,8.741,10.775,21.769,29.432,23.845,20.2,13.668,11.664,11.048,9.666,7.702,7.671,8.114,8.809,5.578,6.936,11.403,5.496,4.699,6.762,5.196,5.162,6.129,3.158,2.725,3.934,4.347,4.366,3.468,4.481,9.09,6.663,4.595,2023
532,HKG,Hong Kong SAR,PCPIPCH,"Inflation, average consumer prices",Annual percentages of average consumer prices are year-on-year changes.,Percent change,Units,"See notes for:  Inflation, average consumer prices (Index).",4.444,9.479,11.016,9.923,8.549,3.556,3.575,5.671,7.83,10.219,10.318,11.192,9.586,8.796,8.816,9.034,6.324,5.818,2.827,-3.967,-3.723,-1.61,-3.046,-2.587,-0.367,0.914,2.0,2.035,4.303,0.579,2.293,5.305,4.054,4.338,4.424,2.991,2.409,1.494,2.406,2.883,0.251,1.569,1.881,2.097,1.75,2023
944,HUN,Hungary,PCPIPCH,"Inflation, average consumer prices",Annual percentages of average consumer prices are year-on-year changes.,Percent change,Units,"See notes for:  Inflation, average consumer prices (Index).",9.286,4.511,7.016,6.403,8.651,7.007,5.292,8.682,15.788,16.95,28.97,34.234,22.95,22.451,18.866,28.303,23.455,18.295,14.227,9.973,9.788,9.151,5.261,4.665,6.75,3.562,3.904,7.952,6.056,4.198,4.872,3.929,5.661,1.713,-0.229,-0.066,0.397,2.354,2.839,3.373,3.305,5.105,14.62,17.14,3.812,2023
176,ISL,Iceland,PCPIPCH,"Inflation, average consumer prices",Annual percentages of average consumer prices are year-on-year changes.,Percent change,Units,"See notes for:  Inflation, average consumer prices (Index).",58.548,50.864,51.019,84.275,29.17,32.376,21.273,18.763,25.456,14.503,15.513,6.809,3.959,4.083,1.55,1.655,2.252,1.796,1.703,3.22,5.12,6.396,5.177,2.062,3.152,4.0,6.674,5.066,12.68,12.006,5.394,3.99,5.195,3.885,2.035,1.631,1.693,1.768,2.677,3.006,2.848,4.458,8.307,8.74,6.042,2023
534,IND,India,PCPIPCH,"Inflation, average consumer prices",Annual percentages of average consumer prices are year-on-year changes.,Percent change,Units,"See notes for:  Inflation, average consumer prices (Index).",11.346,12.654,7.736,12.558,6.518,6.251,8.89,9.058,7.214,4.57,11.198,13.481,9.862,7.283,10.272,9.96,9.433,6.845,13.126,3.425,3.817,4.442,4.997,4.096,3.997,3.679,6.736,5.919,9.212,10.607,9.368,8.112,10.049,9.383,5.833,4.908,4.525,3.587,3.414,4.769,6.165,5.506,6.653,5.361,4.374,2024
536,IDN,Indonesia,PCPIPCH,"Inflation, average consumer prices",Annual percentages of average consumer prices are year-on-year changes.,Percent change,Units,"See notes for:  Inflation, average consumer prices (Index).",18.017,12.244,9.481,11.787,10.475,4.705,5.821,9.25,8.072,6.407,7.8,9.435,7.546,9.664,8.528,9.415,7.981,6.237,58.447,20.47,3.688,11.466,11.908,6.791,6.062,10.464,13.099,6.319,9.871,4.804,5.137,5.345,3.979,6.41,6.399,6.36,3.53,3.807,3.291,2.822,2.031,1.561,4.139,3.713,2.484,2023
429,IRN,Islamic Republic of Iran,PCPIPCH,"Inflation, average consumer prices",Annual percentages of average consumer prices are year-on-year changes.,Percent change,Units,"See notes for:  Inflation, average consumer prices (Index).",20.627,24.199,18.681,19.742,12.578,4.378,23.722,27.708,28.9,17.401,9.0,20.168,24.476,22.472,34.862,49.32,23.918,16.544,18.454,20.24,12.292,11.538,15.827,15.573,15.324,10.252,12.0,18.414,25.304,10.816,12.299,25.309,29.31,32.853,14.532,11.146,6.843,8.235,26.916,34.787,36.458,40.187,45.75,40.692,31.667,2024
433,IRQ,Iraq,PCPIPCH,"Inflation, average consumer prices",Annual percentages of average consumer prices are year-on-year changes.,Percent change,Units,"See notes for:  Inflation, average consumer prices (Index).",,,,,,,,,,,,,,,,,,,,,,,,,,36.959,53.231,30.835,2.668,-2.801,2.43,5.604,6.089,1.879,2.236,1.393,0.458,0.2,0.351,-0.199,0.574,6.042,4.987,4.416,3.2,2023
178,IRL,Ireland,PCPIPCH,"Inflation, average consumer prices",Annual percentages of average consumer prices are year-on-year changes.,Percent change,Units,"See notes for:  Inflation, average consumer prices (Index).",18.345,20.243,17.189,10.397,8.636,5.468,3.041,3.154,2.166,3.99,3.357,3.132,3.15,1.418,2.366,2.518,2.18,1.253,2.13,2.412,5.303,3.998,4.686,4.0,2.31,2.201,2.674,2.889,3.119,-1.676,-1.636,1.213,1.892,0.538,0.301,-0.05,-0.183,0.259,0.716,0.86,-0.443,2.413,8.049,5.209,1.657,2023
136,ITA,Italy,PCPIPCH,"Inflation, average consumer prices",Annual percentages of average consumer prices are year-on-year changes.,Percent change,Units,"See notes for:  Inflation, average consumer prices (Index).",21.8,19.51,16.46,14.7,10.74,8.969,5.82,4.72,5.09,6.245,6.395,6.215,4.982,4.499,4.167,5.387,3.985,1.849,2.031,1.651,2.58,2.324,2.612,2.813,2.257,2.207,2.229,2.025,3.492,0.765,1.62,2.935,3.315,1.245,0.234,0.108,-0.05,1.326,1.243,0.634,-0.145,1.941,8.736,5.903,1.265,2023
343,JAM,Jamaica,PCPIPCH,"Inflation, average consumer prices",Annual percentages of average consumer prices are year-on-year changes.,Percent change,Units,"See notes for:  Inflation, average consumer prices (Index).",17.984,9.172,6.83,16.657,31.255,29.7,24.4,11.2,8.2,16.12,24.779,51.021,77.287,21.635,35.543,19.91,26.405,9.658,8.632,5.951,8.07,6.881,6.992,10.131,13.521,15.099,8.52,9.287,22.026,9.576,12.616,7.522,6.892,9.36,8.275,3.681,2.35,4.378,3.74,3.91,5.21,5.882,10.347,6.471,5.8,2023
158,JPN,Japan,PCPIPCH,"Inflation, average consumer prices",Annual percentages of average consumer prices are year-on-year changes.,Percent change,Units,"See notes for:  Inflation, average consumer prices (Index).",7.808,4.936,2.749,1.88,2.251,2.038,0.608,0.127,0.654,2.294,3.071,3.273,1.727,1.255,0.69,-0.088,0.138,1.699,0.652,-0.347,-0.687,-0.694,-0.897,-0.263,-0.01,-0.288,0.256,0.046,1.382,-1.331,-0.742,-0.277,-0.049,0.332,2.758,0.799,-0.124,0.486,0.989,0.468,-0.027,-0.235,2.497,3.269,2.233,2023
439,JOR,Jordan,PCPIPCH,"Inflation, average consumer prices",Annual percentages of average consumer prices are year-on-year changes.,Percent change,Units,"See notes for:  Inflation, average consumer prices (Index).",10.909,7.65,7.614,4.953,4.045,2.808,0.0,-0.21,6.705,25.668,16.192,8.155,4.017,3.304,3.524,2.353,6.501,3.038,3.079,0.598,0.674,1.768,1.835,1.627,3.365,3.491,6.255,4.744,13.972,-0.742,4.848,4.16,4.515,4.828,2.896,-0.878,-0.777,3.325,4.463,0.758,0.334,1.347,4.229,2.084,2.118,2023
916,KAZ,Kazakhstan,PCPIPCH,"Inflation, average consumer prices",Annual percentages of average consumer prices are year-on-year changes.,Percent change,Units,"See notes for:  Inflation, average consumer prices (Index).",,,,,,,,,,,,,,1662.275,1401.987,176.379,39.18,17.401,7.132,8.323,13.154,8.373,5.853,6.447,6.868,7.521,8.583,10.779,17.148,7.3,7.125,8.354,5.118,5.829,6.717,6.651,14.556,7.429,6.025,5.244,6.799,8.002,14.956,14.558,8.639,2023
664,KEN,Kenya,PCPIPCH,"Inflation, average consumer prices",Annual percentages of average consumer prices are year-on-year changes.,Percent change,Units,"See notes for:  Inflation, average consumer prices (Index).",13.858,11.603,20.667,11.398,10.284,13.007,2.534,8.638,12.265,13.789,17.782,20.084,27.332,45.979,28.814,1.554,6.814,11.322,5.416,5.779,9.975,5.732,1.966,9.805,11.795,9.912,6.032,4.271,15.114,10.537,4.084,14.022,9.378,5.717,6.878,6.582,6.318,7.985,4.69,5.24,5.29,6.109,7.648,7.675,5.118,2023
826,KIR,Kiribati,PCPIPCH,"Inflation, average consumer prices",Annual percentages of average consumer prices are year-on-year changes.,Percent change,Units,"See notes for:  Inflation, average consumer prices (Index).",16.1,7.7,5.486,6.311,5.442,4.491,6.607,-10.211,1.135,5.609,3.951,6.077,4.217,6.109,4.0,4.1,-1.667,2.554,3.668,1.755,0.377,6.002,3.176,1.633,-0.74,-0.351,-0.997,3.578,13.665,9.816,-3.9,1.497,-3.046,-1.488,2.104,0.572,1.917,0.356,0.564,-1.813,2.553,2.054,5.346,9.277,4.06,2023
542,KOR,Korea,PCPIPCH,"Inflation, average consumer prices",Annual percentages of average consumer prices are year-on-year changes.,Percent change,Units,"See notes for:  Inflation, average consumer prices (Index).",28.697,21.353,7.19,3.421,2.274,2.46,2.75,3.048,7.147,5.7,8.574,9.333,6.213,4.801,6.266,4.481,4.925,4.439,7.514,0.813,2.259,4.067,2.762,3.515,3.591,2.754,2.242,2.535,4.674,2.756,2.939,4.026,2.187,1.301,1.275,0.706,0.972,1.944,1.476,0.383,0.537,2.498,5.09,3.597,2.52,2023
967,UVK,Kosovo,PCPIPCH,"Inflation, average consumer prices",Annual percentages of average consumer prices are year-on-year changes.,Percent change,Units,"See notes for:  Inflation, average consumer prices (Index).",,,,,,,,,,,,,,,,,,,,,,11.662,2.694,1.152,-1.065,-1.385,0.637,4.338,9.343,-2.419,3.501,7.324,2.492,1.762,0.425,-0.528,0.24,1.495,1.098,2.658,0.197,3.348,11.584,4.938,2.075,2023
443,KWT,Kuwait,PCPIPCH,"Inflation, average consumer prices",Annual percentages of average consumer prices are year-on-year changes.,Percent change,Units,"See notes for:  Inflation, average consumer prices (Index).",,,,,,,,,,,,,,,,,,,,,,,,,,,,,,,,,,,2.901,3.276,2.947,1.56,0.556,1.092,2.102,3.424,3.981,3.642,3.003,2023
917,KGZ,Kyrgyz Republic,PCPIPCH,"Inflation, average consumer prices",Annual percentages of average consumer prices are year-on-year changes.,Percent change,Units,"See notes for:  Inflation, average consumer prices (Index).",,,,,,,,,,,,,,1086.19,180.683,42.174,31.947,23.435,10.457,35.901,19.688,6.92,2.134,2.975,4.111,4.339,5.552,10.23,24.52,6.837,7.968,16.636,2.768,6.614,7.534,6.503,0.389,3.175,1.543,1.136,6.323,11.908,13.91,10.797,5.097,2023
544,LAO,Lao P.D.R.,PCPIPCH,"Inflation, average consumer prices",Annual percentages of average consumer prices are year-on-year changes.,Percent change,Units,"See notes for:  Inflation, average consumer prices (Index).",188.816,33.7,70.381,62.511,27.175,114.698,35.002,6.112,14.8,59.7,-26.317,13.439,9.847,5.65,7.67,19.075,19.147,19.544,90.141,128.409,8.369,7.809,10.633,15.489,10.467,7.167,6.546,4.662,7.629,0.141,5.983,7.569,4.255,6.371,4.129,1.277,1.597,0.825,2.04,3.323,5.104,3.754,22.959,31.23,22.028,2023
941,LVA,Latvia,PCPIPCH,"Inflation, average consumer prices",Annual percentages of average consumer prices are year-on-year changes.,Percent change,Units,"See notes for:  Inflation, average consumer prices (Index).",,,,,,,,,,,,,,109.2,35.9,25.0,17.6,8.074,4.295,2.114,2.633,2.526,1.963,2.94,6.187,6.89,6.571,10.081,15.253,3.259,-1.224,4.222,2.285,0.011,0.69,0.213,0.099,2.894,2.554,2.747,0.081,3.239,17.245,9.058,1.364,2023
446,LBN,Lebanon,PCPIPCH,"Inflation, average consumer prices",Annual percentages of average consumer prices are year-on-year changes.,Percent change,Units,"See notes for:  Inflation, average consumer prices (Index).",23.9,19.3,18.6,7.2,17.6,69.4,95.4,487.2,155.0,72.2,68.9,50.115,99.847,24.737,8.235,10.282,8.879,7.748,4.549,0.241,-0.356,-0.367,1.759,1.268,1.672,-1.426,4.092,4.058,10.698,1.215,3.962,4.986,6.573,5.559,1.128,-3.761,-0.807,4.485,6.058,2.891,84.88,154.759,171.195,221.343,,2023
666,LSO,Lesotho,PCPIPCH,"Inflation, average consumer prices",Annual percentages of average consumer prices are year-on-year changes.,Percent change,Units,"See notes for:  Inflation, average consumer prices (Index).",19.629,12.214,12.416,17.549,10.812,13.241,18.152,11.634,11.585,14.843,11.466,17.857,17.047,13.768,7.25,9.962,9.058,8.55,7.775,8.644,6.131,6.919,12.562,7.166,5.023,3.438,6.073,8.012,10.715,7.38,3.495,5.037,6.051,4.865,5.37,3.218,6.597,4.448,4.752,5.187,4.978,6.048,8.272,6.343,6.718,2023
668,LBR,Liberia,PCPIPCH,"Inflation, average consumer prices",Annual percentages of average consumer prices are year-on-year changes.,Percent change,Units,"See notes for:  Inflation, average consumer prices (Index).",,,,,,,,,,,,,,,,,,,,1.982,5.3,12.149,14.16,10.33,3.555,6.945,9.514,11.391,17.49,7.427,7.291,8.487,6.832,7.578,9.858,7.742,8.844,12.435,23.547,26.969,16.953,7.816,7.593,10.094,7.668,2023
672,LBY,Libya,PCPIPCH,"Inflation, average consumer prices",Annual percentages of average consumer prices are year-on-year changes.,Percent change,Units,"See notes for:  Inflation, average consumer prices (Index).",14.286,13.194,13.804,10.512,12.439,9.111,3.38,4.423,3.131,4.464,0.721,11.7,9.45,7.474,10.671,8.342,3.996,3.586,3.719,2.574,-2.907,-8.839,-9.863,-2.057,1.252,2.658,1.465,6.211,10.401,2.448,2.458,15.902,6.072,2.594,2.433,10.012,25.854,25.804,13.972,-2.87,1.468,2.868,4.51,2.373,2.014,2023
946,LTU,Lithuania,PCPIPCH,"Inflation, average consumer prices",Annual percentages of average consumer prices are year-on-year changes.,Percent change,Units,"See notes for:  Inflation, average consumer prices (Index).",,,,,,,,,,,,,,,,,23.092,8.735,5.369,1.443,1.094,1.549,0.336,-1.077,1.154,2.672,3.757,5.818,11.092,4.161,1.191,4.124,3.164,1.164,0.242,-0.677,0.678,3.718,2.531,2.242,1.062,4.625,18.858,8.685,0.852,2023
137,LUX,Luxembourg,PCPIPCH,"Inflation, average consumer prices",Annual percentages of average consumer prices are year-on-year changes.,Percent change,Units,"See notes for:  Inflation, average consumer prices (Index).",6.3,8.073,9.357,8.669,5.637,4.094,0.3,-0.1,1.4,3.4,3.7,3.1,3.2,3.6,2.2,1.9,1.156,1.371,0.972,1.021,3.782,2.404,2.056,2.528,3.244,3.761,2.962,2.655,4.092,0.007,2.795,3.728,2.888,1.699,0.694,0.059,0.043,2.112,2.018,1.651,0.006,3.468,8.15,2.929,2.492,2023
546,MAC,Macao SAR,PCPIPCH,"Inflation, average consumer prices",Annual percentages of average consumer prices are year-on-year changes.,Percent change,Units,"See notes for:  Inflation, average consumer prices (Index).",,,,,,,,,,,,,,,,,,,,,,,-2.638,-1.562,0.981,4.396,5.15,5.571,8.611,1.169,2.809,5.806,6.107,5.501,6.048,4.561,2.369,1.228,3.004,2.752,0.811,0.027,1.045,0.936,1.1,2023
674,MDG,Madagascar,PCPIPCH,"Inflation, average consumer prices",Annual percentages of average consumer prices are year-on-year changes.,Percent change,Units,"See notes for:  Inflation, average consumer prices (Index).",18.278,30.457,31.907,19.469,9.72,10.566,14.492,15.461,26.338,9.017,11.859,8.54,14.567,9.99,38.992,49.036,19.761,4.492,6.21,7.189,11.57,7.917,16.499,-1.704,13.956,18.364,10.766,10.288,9.297,8.954,9.247,9.483,5.714,5.826,6.08,7.404,6.056,8.59,8.598,5.623,4.188,5.819,8.157,9.861,7.439,2023
676,MWI,Malawi,PCPIPCH,"Inflation, average consumer prices",Annual percentages of average consumer prices are year-on-year changes.,Percent change,Units,"See notes for:  Inflation, average consumer prices (Index).",19.19,12.0,9.524,13.768,19.745,10.638,14.183,25.053,33.838,12.453,11.857,8.227,23.236,22.775,34.659,83.148,37.733,9.137,29.779,44.759,29.597,22.7,14.745,9.577,11.424,15.466,13.918,7.942,8.716,8.416,7.409,7.621,21.296,28.279,23.775,21.86,21.727,11.541,9.215,9.378,8.639,9.343,20.839,28.799,30.619,2023
548,MYS,Malaysia,PCPIPCH,"Inflation, average consumer prices",Annual percentages of average consumer prices are year-on-year changes.,Percent change,Units,"See notes for:  Inflation, average consumer prices (Index).",6.724,9.7,5.834,3.704,3.904,2.587,0.35,0.737,0.29,2.557,3.043,4.328,4.778,3.547,3.687,3.468,3.479,2.655,5.293,2.731,1.551,1.427,1.793,1.074,1.42,3.039,3.621,2.027,5.429,0.597,1.72,3.183,1.655,2.105,3.143,2.104,2.076,3.799,0.969,0.663,-1.139,2.477,3.379,2.489,2.799,2023
556,MDV,Maldives,PCPIPCH,"Inflation, average consumer prices",Annual percentages of average consumer prices are year-on-year changes.,Percent change,Units,"See notes for:  Inflation, average consumer prices (Index).",27.877,11.1,-0.81,9.891,0.991,-9.158,9.1,11.7,6.484,7.164,15.542,12.5,16.857,20.126,3.386,5.488,6.244,7.579,-1.41,2.956,-1.178,0.673,0.927,-2.803,6.339,2.46,3.5,6.795,12.041,4.53,6.15,11.273,10.891,3.997,2.448,1.371,0.801,2.272,1.367,1.326,-1.594,0.213,2.601,2.604,1.453,2022
678,MLI,Mali,PCPIPCH,"Inflation, average consumer prices",Annual percentages of average consumer prices are year-on-year changes.,Percent change,Units,"See notes for:  Inflation, average consumer prices (Index).",20.25,12.717,3.852,10.5,10.714,9.078,-1.387,-14.936,8.948,-0.158,1.608,1.508,-5.907,-0.568,24.289,11.643,6.452,-0.673,4.068,-1.163,-0.777,5.184,5.03,-1.299,-3.123,6.39,1.552,1.414,9.177,2.376,1.196,2.956,5.301,-0.58,0.892,1.433,-1.802,2.388,1.912,-3.03,0.481,3.808,9.734,2.059,2.5,2023
181,MLT,Malta,PCPIPCH,"Inflation, average consumer prices",Annual percentages of average consumer prices are year-on-year changes.,Percent change,Units,"See notes for:  Inflation, average consumer prices (Index).",2.692,11.61,5.817,-0.925,-0.443,-0.236,2.031,0.416,0.946,0.866,2.975,2.552,1.845,4.031,4.128,3.973,1.964,3.919,3.673,2.294,3.03,2.518,2.626,1.939,2.719,2.529,2.57,0.713,4.676,1.836,2.032,2.516,3.225,0.991,0.777,1.168,0.897,1.262,1.735,1.519,0.794,0.715,6.125,5.567,2.67,2023
867,MHL,Marshall Islands,PCPIPCH,"Inflation, average consumer prices",Annual percentages of average consumer prices are year-on-year changes.,Percent change,Units,"See notes for:  Inflation, average consumer prices (Index).",,,,,,,,,,,,,,,,,,,,,,,,,2.014,3.489,5.26,2.627,14.669,0.48,1.77,5.352,4.34,1.851,1.098,-2.237,-1.507,0.05,0.802,-0.11,-0.658,2.247,2.775,7.441,4.602,2022
682,MRT,Mauritania,PCPIPCH,"Inflation, average consumer prices",Annual percentages of average consumer prices are year-on-year changes.,Percent change,Units,"See notes for:  Inflation, average consumer prices (Index).",,,,,,,,,,,,5.629,10.142,9.37,4.128,6.544,4.681,4.625,8.032,4.074,3.254,4.715,3.896,5.152,10.368,12.126,6.241,7.254,7.45,2.137,6.262,5.686,4.902,4.131,3.772,0.486,1.472,2.269,3.053,2.306,2.382,3.558,9.553,4.949,2.652,2023
684,MUS,Mauritius,PCPIPCH,"Inflation, average consumer prices",Annual percentages of average consumer prices are year-on-year changes.,Percent change,Units,"See notes for:  Inflation, average consumer prices (Index).",33.04,26.45,13.384,7.452,5.525,8.321,4.336,0.719,3.6,13.61,10.705,12.817,2.857,15.288,7.335,6.026,6.553,6.831,6.808,6.882,4.217,5.391,6.414,2.686,4.71,4.937,8.914,8.825,9.723,2.524,2.924,6.532,3.86,3.535,3.224,1.275,0.999,3.675,3.231,0.454,2.52,4.039,10.785,7.045,3.472,2023
273,MEX,Mexico,PCPIPCH,"Inflation, average consumer prices",Annual percentages of average consumer prices are year-on-year changes.,Percent change,Units,"See notes for:  Inflation, average consumer prices (Index).",26.471,28.034,59.115,101.805,65.439,57.789,86.449,131.96,113.502,19.919,26.65,22.609,15.517,9.763,6.986,35.061,34.35,20.597,15.917,16.566,9.486,6.366,5.037,4.55,4.694,3.99,3.633,3.969,5.13,5.296,4.155,3.404,4.111,3.804,4.019,2.719,2.82,6.042,4.898,3.635,3.398,5.693,7.898,5.525,4.676,2023
868,FSM,Micronesia,PCPIPCH,"Inflation, average consumer prices",Annual percentages of average consumer prices are year-on-year changes.,Percent change,Units,"See notes for:  Inflation, average consumer prices (Index).",,,,,,,,,,,,,,,,,2.796,2.667,1.633,1.919,1.839,1.317,-0.159,-0.245,1.745,4.087,4.396,3.639,6.572,8.154,3.618,3.851,6.302,2.138,0.724,0.034,-0.916,0.098,1.04,2.209,0.964,1.772,5.02,6.21,4.018,2023
921,MDA,Moldova,PCPIPCH,"Inflation, average consumer prices",Annual percentages of average consumer prices are year-on-year changes.,Percent change,Units,"See notes for:  Inflation, average consumer prices (Index).",,,,,,,,,,,,,,788.503,329.636,30.216,23.506,11.773,7.696,39.262,31.206,9.641,5.219,11.667,12.426,11.851,12.707,12.382,12.704,0.006,7.358,7.65,4.558,4.569,5.058,9.628,6.358,6.506,3.59,4.846,3.771,5.099,28.567,13.437,5.0,2023
948,MNG,Mongolia,PCPIPCH,"Inflation, average consumer prices",Annual percentages of average consumer prices are year-on-year changes.,Percent change,Units,"See notes for:  Inflation, average consumer prices (Index).",,,,,,,,,,,,120.2,202.875,268.414,193.414,0.218,46.831,30.032,9.59,7.487,11.363,6.255,1.067,5.06,8.247,12.708,4.345,9.643,27.974,7.594,8.231,8.792,13.886,10.568,12.949,6.783,0.771,4.278,6.808,7.32,3.735,7.359,15.153,10.348,6.5,2023
943,MNE,Montenegro,PCPIPCH,"Inflation, average consumer prices",Annual percentages of average consumer prices are year-on-year changes.,Percent change,Units,"See notes for:  Inflation, average consumer prices (Index).",,,,,,,,,,,,,,,,,,,,,29.864,23.729,19.701,7.502,3.099,3.446,2.116,3.365,9.0,3.551,0.381,3.451,4.141,2.207,-0.714,1.549,-0.258,2.373,2.604,0.366,-0.238,2.399,13.05,8.568,4.15,2023
686,MAR,Morocco,PCPIPCH,"Inflation, average consumer prices",Annual percentages of average consumer prices are year-on-year changes.,Percent change,Units,"See notes for:  Inflation, average consumer prices (Index).",9.408,12.493,10.528,6.208,12.448,7.729,8.734,2.699,2.369,3.138,6.026,7.94,5.779,5.298,5.031,6.287,2.817,1.096,2.71,0.792,1.832,0.643,2.81,1.118,1.474,1.09,3.234,1.972,3.754,-0.219,0.989,0.979,1.293,1.809,0.522,1.559,1.535,0.806,1.6,0.197,0.688,1.366,6.641,6.137,1.72,2023
688,MOZ,Mozambique,PCPIPCH,"Inflation, average consumer prices",Annual percentages of average consumer prices are year-on-year changes.,Percent change,Units,"See notes for:  Inflation, average consumer prices (Index).",2.0,4.2,17.695,28.198,30.044,30.785,40.491,164.115,58.507,42.076,43.723,33.258,45.076,42.255,63.123,47.668,48.491,7.36,1.487,2.874,12.713,9.061,16.769,13.455,12.634,6.428,13.245,10.404,14.511,3.781,12.426,11.171,2.598,4.266,2.555,3.56,18.387,15.785,3.167,5.687,0.93,6.62,10.369,6.996,3.466,2023
518,MMR,Myanmar,PCPIPCH,"Inflation, average consumer prices",Annual percentages of average consumer prices are year-on-year changes.,Percent change,Units,"See notes for:  Inflation, average consumer prices (Index).",,,,,,,,,,,,,,,,,,,47.286,26.795,4.254,-19.791,21.916,47.469,8.005,6.886,16.551,34.437,20.911,3.692,5.924,6.829,0.36,6.382,5.739,7.259,9.099,4.622,5.944,8.627,5.725,3.642,18.385,27.1,22.0,2021
728,NAM,Namibia,PCPIPCH,"Inflation, average consumer prices",Annual percentages of average consumer prices are year-on-year changes.,Percent change,Units,"See notes for:  Inflation, average consumer prices (Index).",,,,,,,,,,,,13.512,21.551,9.329,12.056,11.123,8.704,9.679,6.617,9.382,10.215,10.212,12.716,7.215,4.137,2.282,4.961,6.548,9.095,9.452,4.875,5.006,6.722,5.601,5.348,3.396,6.727,6.147,4.294,3.721,2.209,3.62,6.077,5.88,4.6,2023
836,NRU,Nauru,PCPIPCH,"Inflation, average consumer prices",Annual percentages of average consumer prices are year-on-year changes.,Percent change,Units,"See notes for:  Inflation, average consumer prices (Index).",,,,,,,,,,,,,,,,,,,,,,,,,,8.662,19.302,5.601,1.035,22.422,-1.968,-3.37,0.262,-1.105,0.275,9.784,8.141,4.464,1.07,4.094,0.931,2.007,1.146,4.782,4.003,2023
558,NPL,Nepal,PCPIPCH,"Inflation, average consumer prices",Annual percentages of average consumer prices are year-on-year changes.,Percent change,Units,"See notes for:  Inflation, average consumer prices (Index).",9.8,13.447,10.381,14.197,6.214,4.127,15.854,13.285,11.024,8.078,8.926,7.943,21.061,8.871,8.951,7.677,7.179,8.101,8.326,11.379,3.393,2.435,2.896,4.743,3.963,4.539,7.963,6.203,6.677,12.624,9.565,9.566,8.305,9.873,9.039,7.212,9.932,4.454,4.147,4.639,6.15,3.599,6.261,7.815,5.641,2023
138,NLD,Netherlands,PCPIPCH,"Inflation, average consumer prices",Annual percentages of average consumer prices are year-on-year changes.,Percent change,Units,"See notes for:  Inflation, average consumer prices (Index).",,6.8,5.9,2.9,3.4,2.3,0.0,-1.0,0.5,1.1,2.5,3.179,2.837,1.642,2.12,1.348,1.447,1.856,1.783,2.038,2.347,5.113,3.852,2.227,1.383,1.491,1.654,1.587,2.213,0.972,0.929,2.472,2.818,2.556,0.32,0.219,0.114,1.293,1.599,2.669,1.106,2.819,11.617,4.117,3.171,2023
196,NZL,New Zealand,PCPIPCH,"Inflation, average consumer prices",Annual percentages of average consumer prices are year-on-year changes.,Percent change,Units,"See notes for:  Inflation, average consumer prices (Index).",17.079,15.451,16.126,7.445,6.129,15.38,13.221,15.762,6.351,5.716,6.098,2.602,1.015,1.288,1.745,3.755,2.286,1.187,1.265,-0.114,2.615,2.626,2.677,1.754,2.29,3.037,3.365,2.376,3.959,2.116,2.302,4.028,1.06,1.134,1.228,0.293,0.646,1.851,1.598,1.62,1.715,3.941,7.172,5.733,2.72,2023
278,NIC,Nicaragua,PCPIPCH,"Inflation, average consumer prices",Annual percentages of average consumer prices are year-on-year changes.,Percent change,Units,"See notes for:  Inflation, average consumer prices (Index).",35.135,23.8,28.5,33.6,141.3,571.4,885.2,13109.5,4775.2,7428.7,3004.1,116.6,21.9,13.5,3.7,11.118,11.651,9.189,13.046,11.212,11.547,7.357,3.75,5.302,8.47,9.599,9.14,11.127,19.826,3.687,5.455,8.082,7.194,7.136,6.036,3.997,3.524,3.851,4.947,5.376,3.682,4.928,10.47,8.442,5.0,2023
692,NER,Niger,PCPIPCH,"Inflation, average consumer prices",Annual percentages of average consumer prices are year-on-year changes.,Percent change,Units,"See notes for:  Inflation, average consumer prices (Index).",7.325,24.3,10.4,1.621,8.412,-1.07,-3.245,-6.638,0.598,-0.818,-2.025,1.499,-5.912,-0.326,35.534,10.858,5.339,2.93,4.571,-2.061,2.704,3.936,2.505,-1.476,0.245,7.81,0.04,0.054,11.31,0.455,0.944,2.93,0.465,2.285,-0.89,0.961,0.179,0.19,2.753,-2.52,2.898,3.838,4.226,3.701,7.829,2023
694,NGA,Nigeria,PCPIPCH,"Inflation, average consumer prices",Annual percentages of average consumer prices are year-on-year changes.,Percent change,Units,"See notes for:  Inflation, average consumer prices (Index).",,,,,,,,,,,,,,,,,29.291,10.673,7.862,6.618,6.938,18.869,12.883,14.033,15.001,17.856,8.218,5.401,11.581,12.536,13.742,10.825,12.225,8.495,8.048,9.01,15.696,16.502,12.094,11.397,13.247,16.953,18.847,24.66,32.456,2023
962,MKD,North Macedonia,PCPIPCH,"Inflation, average consumer prices",Annual percentages of average consumer prices are year-on-year changes.,Percent change,Units,"See notes for:  Inflation, average consumer prices (Index).",,,,,,,,,,,,,,338.684,126.583,16.374,2.467,1.294,0.544,-1.279,6.608,5.199,1.07,0.856,-0.449,0.524,3.215,2.251,8.332,-0.739,1.508,3.905,3.317,2.785,-0.282,-0.3,-0.239,1.352,1.458,0.766,1.2,3.231,14.205,9.362,3.3,2023
142,NOR,Norway,PCPIPCH,"Inflation, average consumer prices",Annual percentages of average consumer prices are year-on-year changes.,Percent change,Units,"See notes for:  Inflation, average consumer prices (Index).",10.912,13.643,11.341,8.465,6.218,5.715,7.176,8.717,6.676,4.546,4.131,3.438,2.328,2.288,1.376,2.46,1.263,2.567,2.252,2.366,3.086,3.004,1.287,2.488,0.454,1.532,2.329,0.713,3.754,2.197,2.419,1.285,0.697,2.12,2.042,2.171,3.55,1.875,2.765,2.168,1.287,3.484,5.764,5.518,3.259,2023
449,OMN,Oman,PCPIPCH,"Inflation, average consumer prices",Annual percentages of average consumer prices are year-on-year changes.,Percent change,Units,"See notes for:  Inflation, average consumer prices (Index).",10.011,6.4,2.538,-2.074,-7.358,-3.971,7.644,2.561,1.589,1.564,10.011,4.6,0.956,1.136,-0.655,-1.131,0.496,-0.36,0.429,0.512,-1.197,-0.841,-0.286,0.185,0.757,1.861,3.204,5.892,12.56,3.537,3.256,4.061,2.941,1.331,1.197,0.142,0.888,1.458,0.704,0.472,-0.395,1.664,2.512,0.949,1.3,2023
564,PAK,Pakistan,PCPIPCH,"Inflation, average consumer prices",Annual percentages of average consumer prices are year-on-year changes.,Percent change,Units,"See notes for:  Inflation, average consumer prices (Index).",11.927,11.949,5.862,6.446,6.056,5.564,3.467,4.692,8.835,7.882,9.051,12.628,4.849,9.828,11.268,13.029,10.774,11.816,7.808,5.732,3.596,4.398,3.54,3.102,4.569,9.275,7.918,7.777,11.996,19.561,10.108,13.658,11.004,7.361,8.621,4.526,2.864,4.775,4.7,6.802,10.739,8.896,12.153,29.181,23.411,2024
565,PLW,Palau,PCPIPCH,"Inflation, average consumer prices",Annual percentages of average consumer prices are year-on-year changes.,Percent change,Units,"See notes for:  Inflation, average consumer prices (Index).",,,,,,,,,,,,,,,,,,,,,,-0.726,-0.273,0.647,0.537,3.558,4.239,3.02,9.931,4.683,1.094,2.633,5.439,2.845,3.962,2.199,-1.336,1.101,2.441,0.438,0.702,-0.481,13.184,12.417,4.045,2023
283,PAN,Panama,PCPIPCH,"Inflation, average consumer prices",Annual percentages of average consumer prices are year-on-year changes.,Percent change,Units,"See notes for:  Inflation, average consumer prices (Index).",13.808,7.3,4.251,2.103,1.583,1.027,-0.066,0.996,0.359,0.116,0.769,1.547,1.751,0.478,1.332,0.939,1.264,1.255,0.628,1.3,1.446,0.314,0.998,0.058,0.475,2.86,2.458,4.169,8.759,2.409,3.491,5.876,5.698,4.027,2.623,0.137,0.74,0.876,0.762,-0.355,-1.55,1.631,2.86,1.486,1.291,2023
853,PNG,Papua New Guinea,PCPIPCH,"Inflation, average consumer prices",Annual percentages of average consumer prices are year-on-year changes.,Percent change,Units,"See notes for:  Inflation, average consumer prices (Index).",12.064,8.054,5.535,7.902,7.421,3.71,5.454,3.337,5.445,4.48,6.953,6.966,4.31,4.977,2.849,17.281,11.632,3.943,13.59,14.932,15.596,9.298,11.799,14.709,2.159,1.781,2.368,0.911,10.767,6.913,5.102,4.441,4.537,4.96,5.222,5.996,6.674,5.422,4.412,3.892,4.872,4.483,5.253,2.299,4.434,2022
288,PRY,Paraguay,PCPIPCH,"Inflation, average consumer prices",Annual percentages of average consumer prices are year-on-year changes.,Percent change,Units,"See notes for:  Inflation, average consumer prices (Index).",22.535,13.793,5.374,12.807,20.938,24.845,31.697,21.658,22.594,25.592,38.162,24.275,15.105,18.277,20.596,13.387,9.798,6.95,11.554,6.751,8.984,7.314,10.472,14.239,4.31,6.823,9.565,8.144,10.186,2.606,4.636,8.244,3.692,2.662,5.028,3.132,4.082,3.614,3.972,2.757,1.768,4.788,9.766,4.632,3.837,2023
293,PER,Peru,PCPIPCH,"Inflation, average consumer prices",Annual percentages of average consumer prices are year-on-year changes.,Percent change,Units,"See notes for:  Inflation, average consumer prices (Index).",59.145,75.433,64.46,111.149,110.209,163.398,77.921,85.846,666.955,3398.272,7481.691,409.529,73.529,48.58,23.734,11.131,11.549,8.547,7.255,3.469,3.759,1.975,0.192,2.261,3.662,1.618,2.001,1.779,5.788,2.935,1.529,3.369,3.656,2.807,3.245,3.548,3.593,2.804,1.317,2.136,1.827,3.979,7.871,6.269,2.483,2023
566,PHL,Philippines,PCPIPCH,"Inflation, average consumer prices",Annual percentages of average consumer prices are year-on-year changes.,Percent change,Units,"See notes for:  Inflation, average consumer prices (Index).",18.201,13.083,8.979,5.252,46.673,23.215,-0.325,3.042,12.23,11.367,13.201,19.351,8.582,6.757,12.489,6.908,8.294,5.598,9.369,6.2,6.545,5.396,2.757,2.223,4.799,6.64,5.448,2.914,8.211,4.24,3.738,4.745,3.158,2.592,3.594,0.69,1.234,2.853,5.31,2.392,2.393,3.927,5.821,5.978,3.328,2023
964,POL,Poland,PCPIPCH,"Inflation, average consumer prices",Annual percentages of average consumer prices are year-on-year changes.,Percent change,Units,"See notes for:  Inflation, average consumer prices (Index).",9.4,21.207,100.83,22.118,75.649,15.107,17.793,25.23,60.2,251.1,585.8,70.3,43.0,35.3,32.2,27.875,19.9,14.9,11.8,7.3,10.1,5.5,1.9,0.735,3.538,2.21,1.197,2.472,4.342,3.785,2.59,4.226,3.727,1.117,0.105,-0.924,-0.677,1.969,1.767,2.243,3.378,5.122,14.359,11.426,3.861,2023
182,PRT,Portugal,PCPIPCH,"Inflation, average consumer prices",Annual percentages of average consumer prices are year-on-year changes.,Percent change,Units,"See notes for:  Inflation, average consumer prices (Index).",5.862,21.152,22.73,25.106,29.3,19.335,11.666,9.402,9.58,12.611,13.37,11.428,8.863,5.93,4.971,3.969,2.936,1.89,2.215,2.17,2.805,4.41,3.701,3.237,2.51,2.13,3.046,2.422,2.652,-0.903,1.391,3.554,2.776,0.44,-0.16,0.508,0.636,1.556,1.168,0.3,-0.121,0.941,8.103,5.264,2.505,2023
359,PRI,Puerto Rico,PCPIPCH,"Inflation, average consumer prices",Annual percentages of average consumer prices are year-on-year changes.,Percent change,Units,"See notes for:  Inflation, average consumer prices (Index).",,9.47,3.244,0.338,1.734,0.212,-0.236,2.078,2.577,2.832,4.368,2.238,1.486,0.967,1.438,1.915,3.312,1.886,0.059,0.671,3.077,0.583,0.19,1.388,2.536,5.611,5.184,4.228,5.21,0.278,2.474,2.899,1.346,1.061,0.566,-0.751,-0.294,1.752,1.272,0.084,-0.497,2.41,6.018,3.478,1.587,2023
453,QAT,Qatar,PCPIPCH,"Inflation, average consumer prices",Annual percentages of average consumer prices are year-on-year changes.,Percent change,Units,"See notes for:  Inflation, average consumer prices (Index).",6.838,8.46,5.7,2.696,1.142,1.129,1.897,4.491,4.822,3.3,3.012,4.511,2.878,-0.699,1.408,3.009,6.966,2.731,2.863,2.187,1.556,1.724,0.24,2.26,6.814,8.966,11.709,13.739,15.068,-4.87,-2.389,1.981,1.829,3.143,4.244,0.939,2.689,0.604,0.1,-0.9,-2.523,2.277,4.96,3.086,1.0,2023
968,ROU,Romania,PCPIPCH,"Inflation, average consumer prices",Annual percentages of average consumer prices are year-on-year changes.,Percent change,Units,"See notes for:  Inflation, average consumer prices (Index).",1.523,2.2,16.928,4.686,-0.32,-0.2,0.7,1.1,2.6,0.9,127.9,161.121,210.386,256.105,136.742,32.272,38.809,154.763,59.097,45.804,45.667,34.454,22.498,15.37,11.855,8.995,6.591,4.834,7.846,5.584,6.113,5.795,3.339,4.002,1.076,-0.596,-1.555,1.344,4.631,3.825,2.646,5.046,13.8,10.397,5.321,2023
922,RUS,Russia,PCPIPCH,"Inflation, average consumer prices",Annual percentages of average consumer prices are year-on-year changes.,Percent change,Units,"See notes for:  Inflation, average consumer prices (Index).",,,,,,,,,,,,,,874.255,307.547,197.3,47.752,14.761,27.686,85.746,20.799,21.477,15.789,13.663,10.889,12.685,9.669,9.007,14.111,11.647,6.849,8.44,5.075,6.754,7.823,15.534,7.042,3.683,2.878,4.47,3.382,6.694,13.75,5.859,7.861,2023
714,RWA,Rwanda,PCPIPCH,"Inflation, average consumer prices",Annual percentages of average consumer prices are year-on-year changes.,Percent change,Units,"See notes for:  Inflation, average consumer prices (Index).",7.195,6.438,12.613,6.629,5.359,1.729,-1.1,4.146,2.913,1.038,4.202,19.6,9.5,12.468,20.996,55.967,13.193,11.755,6.462,-2.419,3.908,3.359,1.981,7.445,11.98,9.122,8.831,9.081,15.44,10.343,2.319,5.664,6.285,4.218,1.771,2.535,5.72,4.823,1.355,2.417,7.733,0.828,13.882,14.029,4.9,2023
862,WSM,Samoa,PCPIPCH,"Inflation, average consumer prices",Annual percentages of average consumer prices are year-on-year changes.,Percent change,Units,"See notes for:  Inflation, average consumer prices (Index).",33.05,20.51,18.3,16.46,11.86,9.091,2.682,11.161,3.192,12.25,8.483,-1.82,9.034,1.709,12.087,-2.926,5.418,6.9,5.4,0.373,-0.165,1.891,7.43,4.367,7.847,7.821,3.231,4.482,6.267,14.642,-0.201,2.875,6.191,-0.207,-1.238,1.923,0.073,1.346,3.683,2.189,1.48,-3.01,8.747,11.981,3.711,2023
135,SMR,San Marino,PCPIPCH,"Inflation, average consumer prices",Annual percentages of average consumer prices are year-on-year changes.,Percent change,Units,"See notes for:  Inflation, average consumer prices (Index).",,,,,,,,,,,,,,,,,,,,,,,,1.337,1.429,1.687,2.095,2.475,4.096,2.417,2.413,2.179,2.827,1.604,1.113,0.146,0.644,1.014,1.163,0.473,-0.133,2.083,5.325,5.917,1.279,2023
716,STP,SÃ£o TomÃ© and PrÃ­ncipe,PCPIPCH,"Inflation, average consumer prices",Annual percentages of average consumer prices are year-on-year changes.,Percent change,Units,"See notes for:  Inflation, average consumer prices (Index).",0.216,11.483,0.4,7.0,3.2,0.1,13.9,25.0,44.277,42.886,42.248,46.48,33.697,25.5,51.16,36.8,42.047,69.049,42.105,11.011,11.011,9.219,10.13,9.793,13.285,17.152,23.075,18.55,31.991,16.957,13.339,14.321,10.638,8.106,6.988,6.13,5.407,5.69,7.873,7.716,9.82,8.138,18.006,21.184,17.1,2023
456,SAU,Saudi Arabia,PCPIPCH,"Inflation, average consumer prices",Annual percentages of average consumer prices are year-on-year changes.,Percent change,Units,"See notes for:  Inflation, average consumer prices (Index).",4.402,3.589,1.866,0.576,-0.676,-2.309,-3.121,-2.394,-0.35,1.212,-1.056,3.88,-1.028,1.241,1.363,5.136,0.27,-0.246,-0.422,-2.123,-1.035,-1.119,0.111,0.479,0.294,0.573,1.904,4.976,6.121,4.262,3.698,3.744,2.866,3.53,2.236,1.206,2.069,-0.838,2.458,-2.093,3.445,3.063,2.474,2.327,1.744,2023
722,SEN,Senegal,PCPIPCH,"Inflation, average consumer prices",Annual percentages of average consumer prices are year-on-year changes.,Percent change,Units,"See notes for:  Inflation, average consumer prices (Index).",8.837,5.779,17.384,11.707,11.742,13.041,6.122,-4.13,-1.823,0.449,0.325,-1.754,-0.007,-0.744,32.104,8.076,2.835,1.784,0.989,0.818,0.754,3.053,2.398,-0.048,0.515,1.707,2.114,5.863,6.335,-2.248,1.228,3.404,1.417,0.71,-1.089,0.858,1.192,1.143,0.455,1.02,2.529,2.178,9.689,5.947,1.5,2022
942,SRB,Serbia,PCPIPCH,"Inflation, average consumer prices",Annual percentages of average consumer prices are year-on-year changes.,Percent change,Units,"See notes for:  Inflation, average consumer prices (Index).",,,,,,,,,,,,,,,,,,,30.0,41.1,70.0,80.744,8.868,2.901,10.602,16.253,10.732,6.002,12.411,8.117,6.143,11.137,7.33,7.694,2.082,1.392,1.122,3.131,1.96,1.849,1.576,4.085,11.982,12.372,4.533,2023
718,SYC,Seychelles,PCPIPCH,"Inflation, average consumer prices",Annual percentages of average consumer prices are year-on-year changes.,Percent change,Units,"See notes for:  Inflation, average consumer prices (Index).",13.516,10.512,-0.854,6.577,1.179,0.585,2.397,2.244,0.478,3.323,3.952,2.032,2.02,-0.336,2.229,0.505,-2.059,1.804,2.7,6.3,6.3,6.0,0.2,3.3,3.9,0.648,-1.858,5.324,36.965,31.754,-2.405,2.559,7.11,4.339,1.386,4.043,-1.016,2.858,3.702,1.807,1.203,9.77,2.625,-1.035,0.824,2023
724,SLE,Sierra Leone,PCPIPCH,"Inflation, average consumer prices",Annual percentages of average consumer prices are year-on-year changes.,Percent change,Units,"See notes for:  Inflation, average consumer prices (Index).",12.867,23.369,26.89,68.526,66.575,76.576,80.867,178.7,34.287,60.8,110.946,102.695,65.5,22.202,24.199,25.987,23.137,14.559,35.986,34.092,-0.918,2.568,0.121,3.991,12.922,13.702,10.533,16.978,8.211,7.469,7.186,6.791,6.588,5.524,4.639,6.689,10.886,18.222,16.03,14.805,13.447,11.874,27.209,47.716,36.578,2023
576,SGP,Singapore,PCPIPCH,"Inflation, average consumer prices",Annual percentages of average consumer prices are year-on-year changes.,Percent change,Units,"See notes for:  Inflation, average consumer prices (Index).",8.541,8.189,3.918,1.037,2.604,0.492,-1.381,0.483,1.523,2.294,3.45,3.44,2.244,2.292,3.095,1.725,1.379,2.023,-0.271,0.023,1.349,1.014,-0.391,0.487,1.671,0.469,0.963,2.105,6.628,0.597,2.824,5.248,4.576,2.359,1.025,-0.523,-0.532,0.576,0.439,0.565,-0.182,2.305,6.121,4.821,2.581,2023
936,SVK,Slovak Republic,PCPIPCH,"Inflation, average consumer prices",Annual percentages of average consumer prices are year-on-year changes.,Percent change,Units,"See notes for:  Inflation, average consumer prices (Index).",,,,,,,,,,,,,,,13.464,9.901,5.782,6.033,6.691,10.461,12.161,7.144,3.489,8.417,7.451,2.779,4.266,1.9,3.95,0.937,0.699,4.072,3.731,1.459,-0.093,-0.33,-0.473,1.393,2.531,2.771,2.016,2.828,12.135,10.962,2.782,2023
961,SVN,Slovenia,PCPIPCH,"Inflation, average consumer prices",Annual percentages of average consumer prices are year-on-year changes.,Percent change,Units,"See notes for:  Inflation, average consumer prices (Index).",,,,,,,,,,,,,,31.93,20.872,13.572,9.919,8.342,7.948,6.121,8.935,8.38,7.481,5.544,3.593,2.452,2.458,3.657,5.647,0.839,1.801,1.803,2.597,1.769,0.199,-0.526,-0.055,1.429,1.739,1.631,-0.055,1.917,8.834,7.447,2.019,2023
813,SLB,Solomon Islands,PCPIPCH,"Inflation, average consumer prices",Annual percentages of average consumer prices are year-on-year changes.,Percent change,Units,"See notes for:  Inflation, average consumer prices (Index).",8.25,13.144,12.998,6.95,10.922,9.409,13.1,11.494,16.812,14.936,8.7,15.0,10.8,9.2,13.294,9.612,11.773,8.065,12.355,7.953,6.928,7.628,9.366,10.077,6.916,7.53,11.235,7.654,17.338,7.166,0.905,7.418,5.914,5.249,5.296,-0.569,0.497,0.503,3.6,2.22,2.927,0.183,5.403,5.089,2.929,2023
726,SOM,Somalia,PCPIPCH,"Inflation, average consumer prices",Annual percentages of average consumer prices are year-on-year changes.,Percent change,Units,"See notes for:  Inflation, average consumer prices (Index).",,,,,,,,,,,,,,,,,,,,,,,,,,,,,,,,,,2.8,1.3,0.913,0.024,3.957,4.266,4.709,4.113,4.625,6.779,6.173,5.0,2023
199,ZAF,South Africa,PCPIPCH,"Inflation, average consumer prices",Annual percentages of average consumer prices are year-on-year changes.,Percent change,Units,"See notes for:  Inflation, average consumer prices (Index).",14.236,15.348,13.721,12.797,11.345,16.594,18.102,16.49,12.795,14.642,14.386,15.153,14.012,9.72,8.773,8.849,7.338,8.613,6.973,5.134,5.322,5.705,9.044,5.921,1.387,3.367,4.662,7.139,11.02,7.179,4.211,4.993,5.648,5.742,6.104,4.588,6.333,5.279,4.612,4.121,3.275,4.556,6.869,5.9,4.703,2023
733,SSD,South Sudan,PCPIPCH,"Inflation, average consumer prices",Annual percentages of average consumer prices are year-on-year changes.,Percent change,Units,"See notes for:  Inflation, average consumer prices (Index).",,,,,,,,,,,,,,,,,,,,,,,,,,,,,,,,,42.357,-2.742,4.252,52.988,346.054,212.999,83.396,49.288,23.984,30.229,-3.21,40.195,120.649,2022
184,ESP,Spain,PCPIPCH,"Inflation, average consumer prices",Annual percentages of average consumer prices are year-on-year changes.,Percent change,Units,"See notes for:  Inflation, average consumer prices (Index).",15.578,14.549,14.416,12.174,11.28,8.815,8.795,5.248,4.837,6.791,6.722,5.934,7.145,4.569,4.718,4.674,3.599,1.877,1.764,2.235,3.484,2.825,3.59,3.103,3.054,3.384,3.561,2.843,4.131,-0.239,2.043,3.05,2.436,1.53,-0.19,-0.629,-0.337,2.036,1.736,0.78,-0.337,3.008,8.323,3.4,2.752,2023
524,LKA,Sri Lanka,PCPIPCH,"Inflation, average consumer prices",Annual percentages of average consumer prices are year-on-year changes.,Percent change,Units,"See notes for:  Inflation, average consumer prices (Index).",26.145,17.969,10.826,13.964,16.638,1.481,7.976,7.717,13.992,11.568,21.495,12.186,11.383,11.747,8.448,7.675,15.937,9.565,9.371,4.692,6.176,14.158,9.551,8.969,9.014,11.009,9.939,15.895,22.356,3.503,6.214,6.73,7.547,6.884,2.784,2.224,3.985,6.58,4.273,4.304,4.569,5.954,45.214,,,2022
361,KNA,St. Kitts and Nevis,PCPIPCH,"Inflation, average consumer prices",Annual percentages of average consumer prices are year-on-year changes.,Percent change,Units,"See notes for:  Inflation, average consumer prices (Index).",19.332,8.559,5.975,2.23,2.727,2.666,-0.029,0.937,0.23,5.133,4.2,4.201,2.837,1.791,1.427,3.0,2.048,8.675,3.684,3.351,2.11,2.138,2.078,2.268,2.25,3.374,8.487,4.481,5.3,2.058,0.851,5.835,0.816,1.107,0.248,-2.302,-0.688,0.696,-1.036,-0.331,-1.177,1.206,2.669,3.557,2.46,2022
362,LCA,St. Lucia,PCPIPCH,"Inflation, average consumer prices",Annual percentages of average consumer prices are year-on-year changes.,Percent change,Units,"See notes for:  Inflation, average consumer prices (Index).",19.367,15.125,4.614,1.473,2.049,0.503,2.174,7.039,0.829,4.395,4.331,5.539,5.661,0.775,2.664,5.863,0.925,-0.006,3.202,2.415,4.848,5.273,-0.256,1.034,1.46,3.911,3.564,2.823,5.55,-0.157,3.25,2.769,4.178,1.469,3.517,-0.984,-3.078,0.104,2.555,0.539,-1.755,2.41,6.373,4.077,1.29,2022
364,VCT,St. Vincent and the Grenadines,PCPIPCH,"Inflation, average consumer prices",Annual percentages of average consumer prices are year-on-year changes.,Percent change,Units,"See notes for:  Inflation, average consumer prices (Index).",17.207,17.45,7.228,5.458,2.702,2.079,1.154,2.939,0.298,2.645,7.25,5.922,3.805,4.26,0.395,2.391,4.413,0.499,2.105,1.013,0.193,1.876,0.748,0.125,2.853,3.446,3.017,6.995,10.123,0.373,0.761,3.186,2.598,0.805,0.194,-1.726,-0.158,2.153,2.324,0.906,-0.606,1.557,5.66,4.565,3.781,2023
732,SDN,Sudan,PCPIPCH,"Inflation, average consumer prices",Annual percentages of average consumer prices are year-on-year changes.,Percent change,Units,"See notes for:  Inflation, average consumer prices (Index).",26.531,24.019,26.608,30.566,33.659,45.625,59.996,26.512,62.864,65.338,-0.874,123.578,117.624,101.305,115.478,68.375,86.764,47.169,24.622,17.166,7.121,1.935,22.225,6.489,9.658,8.506,7.199,14.754,14.297,11.257,12.978,18.097,35.559,36.522,36.907,16.91,17.75,32.352,63.293,50.994,163.258,359.092,138.808,77.249,200.099,2022
366,SUR,Suriname,PCPIPCH,"Inflation, average consumer prices",Annual percentages of average consumer prices are year-on-year changes.,Percent change,Units,"See notes for:  Inflation, average consumer prices (Index).",14.151,8.678,7.119,4.374,3.688,10.852,18.664,53.418,7.34,0.758,21.766,10.488,21.311,79.263,142.841,24.162,2.84,6.081,11.248,60.526,29.557,34.366,15.516,23.001,9.126,13.981,11.281,6.426,14.667,-0.3,6.948,17.684,5.009,1.916,3.384,6.896,55.501,22.024,6.939,4.392,34.89,59.12,52.448,51.583,19.139,2022
144,SWE,Sweden,PCPIPCH,"Inflation, average consumer prices",Annual percentages of average consumer prices are year-on-year changes.,Percent change,Units,"See notes for:  Inflation, average consumer prices (Index).",17.452,12.108,8.578,8.907,8.021,7.367,4.233,4.222,5.798,6.437,10.47,8.792,1.378,4.689,2.91,2.465,1.02,1.818,1.008,0.57,1.295,2.681,1.936,2.318,1.019,0.835,1.5,1.679,3.347,1.938,1.9,1.36,0.937,0.442,0.209,0.703,1.14,1.868,2.035,1.72,0.658,2.651,8.055,5.91,2.05,2023
146,CHE,Switzerland,PCPIPCH,"Inflation, average consumer prices",Annual percentages of average consumer prices are year-on-year changes.,Percent change,Units,"See notes for:  Inflation, average consumer prices (Index).",4.022,6.486,5.671,2.95,2.937,3.427,0.743,1.435,1.872,3.154,5.404,5.859,4.037,3.293,0.851,1.798,0.81,0.518,0.019,0.808,1.561,0.991,0.641,0.636,0.801,1.173,1.064,0.735,2.428,-0.48,0.688,0.228,-0.693,-0.216,-0.012,-1.142,-0.434,0.535,0.935,0.362,-0.725,0.582,2.834,2.134,1.253,2023
463,SYR,Syria,PCPIPCH,"Inflation, average consumer prices",Annual percentages of average consumer prices are year-on-year changes.,Percent change,Units,"See notes for:  Inflation, average consumer prices (Index).",19.332,18.4,14.274,5.987,9.453,16.818,36.187,71.429,30.0,15.385,11.111,9.0,11.1,13.2,15.328,7.722,8.872,1.889,-0.953,-3.7,-3.9,3.401,-0.518,5.797,4.433,7.24,10.39,4.677,15.153,2.804,4.398,,,,,,,,,,,,,,,2011
528,TWN,Taiwan Province of China,PCPIPCH,"Inflation, average consumer prices",Annual percentages of average consumer prices are year-on-year changes.,Percent change,Units,"See notes for:  Inflation, average consumer prices (Index).",19.023,10.863,2.952,1.37,-0.031,-0.162,0.699,0.51,1.289,4.416,4.129,3.623,4.462,2.944,4.098,3.666,3.077,0.905,1.684,0.175,1.248,-0.003,-0.196,-0.281,1.608,2.309,0.6,1.796,3.53,-0.875,0.966,1.421,1.935,0.792,1.194,-0.306,1.393,0.622,1.35,0.559,-0.238,1.971,2.947,2.492,2.088,2023
923,TJK,Tajikistan,PCPIPCH,"Inflation, average consumer prices",Annual percentages of average consumer prices are year-on-year changes.,Percent change,Units,"See notes for:  Inflation, average consumer prices (Index).",,,,,,,,,,,,,,2600.715,350.358,612.481,418.472,87.956,43.175,27.452,32.851,38.592,12.227,16.356,7.206,7.277,9.969,13.168,20.429,6.419,6.463,12.422,5.796,5.035,6.077,5.781,5.914,7.31,3.843,7.79,8.58,8.974,6.641,3.652,4.54,2023
738,TZA,Tanzania,PCPIPCH,"Inflation, average consumer prices",Annual percentages of average consumer prices are year-on-year changes.,Percent change,Units,"See notes for:  Inflation, average consumer prices (Index).",30.2,25.7,28.9,27.1,36.1,33.3,32.4,29.9,31.2,25.8,36.4,25.2,20.7,26.1,37.9,26.77,21.049,16.138,12.778,7.889,5.956,5.147,4.555,4.429,4.138,4.359,7.251,7.028,10.276,12.144,7.192,12.691,16.001,7.87,6.132,5.588,5.17,5.319,3.509,3.448,3.289,3.69,4.35,3.799,3.243,2023
578,THA,Thailand,PCPIPCH,"Inflation, average consumer prices",Annual percentages of average consumer prices are year-on-year changes.,Percent change,Units,"See notes for:  Inflation, average consumer prices (Index).",19.7,12.7,5.3,3.7,0.795,2.44,1.848,2.452,3.885,5.379,5.779,5.787,4.018,3.38,5.054,5.795,5.823,5.63,7.962,0.236,1.7,1.61,0.66,1.813,2.812,4.467,4.712,2.167,5.485,-0.87,3.299,3.811,3.012,2.185,1.894,-0.899,0.188,0.665,1.065,0.706,-0.847,1.231,6.077,1.228,0.535,2023
537,TLS,Timor-Leste,PCPIPCH,"Inflation, average consumer prices",Annual percentages of average consumer prices are year-on-year changes.,Percent change,Units,"See notes for:  Inflation, average consumer prices (Index).",,,,,,,,,,,,,,,,,,,,,,3.589,4.087,8.017,2.21,1.612,5.232,8.639,7.427,-0.209,5.178,13.174,10.935,9.451,0.849,0.646,-1.47,0.523,2.294,0.892,0.488,3.775,7.005,8.42,3.251,2023
742,TGO,Togo,PCPIPCH,"Inflation, average consumer prices",Annual percentages of average consumer prices are year-on-year changes.,Percent change,Units,"See notes for:  Inflation, average consumer prices (Index).",12.32,19.716,11.13,9.355,-3.527,-1.815,4.125,0.054,-0.151,-0.951,1.13,0.238,1.622,-0.089,35.259,15.797,4.596,5.307,0.975,-0.053,1.567,5.074,2.73,-0.932,0.677,5.295,1.082,0.433,7.69,4.067,0.212,3.558,2.639,1.763,0.187,1.79,0.857,-0.215,0.928,0.687,1.831,4.548,7.616,5.3,2.742,2023
866,TON,Tonga,PCPIPCH,"Inflation, average consumer prices",Annual percentages of average consumer prices are year-on-year changes.,Percent change,Units,"See notes for:  Inflation, average consumer prices (Index).",-7.348,14.9,10.879,9.733,7.908,5.201,29.867,7.697,10.326,3.968,5.632,13.921,8.597,1.81,3.922,-0.48,2.674,0.568,2.868,3.922,4.932,7.252,9.988,10.669,11.759,9.982,7.246,5.04,9.616,5.481,1.674,6.02,3.285,0.675,2.286,0.054,-0.621,7.201,6.782,3.286,0.423,1.414,8.52,10.176,4.604,2024
369,TTO,Trinidad and Tobago,PCPIPCH,"Inflation, average consumer prices",Annual percentages of average consumer prices are year-on-year changes.,Percent change,Units,"See notes for:  Inflation, average consumer prices (Index).",17.47,14.332,11.635,15.175,13.335,7.623,7.694,10.752,7.758,11.432,11.064,3.8,6.486,10.791,8.814,5.272,3.286,3.662,5.603,3.414,3.524,5.602,4.142,3.781,3.757,6.878,8.308,7.875,12.036,7.01,10.537,5.091,9.28,5.189,5.698,4.659,3.069,1.884,1.019,1.001,0.599,2.061,5.826,4.629,1.283,2023
744,TUN,Tunisia,PCPIPCH,"Inflation, average consumer prices",Annual percentages of average consumer prices are year-on-year changes.,Percent change,Units,"See notes for:  Inflation, average consumer prices (Index).",10.011,8.903,13.673,8.972,8.596,7.551,6.159,8.224,7.156,7.722,6.502,7.693,5.518,4.04,5.423,6.232,3.733,3.599,3.102,2.768,2.77,1.945,2.714,2.72,3.692,1.962,4.143,3.421,4.915,3.541,4.361,3.24,4.612,5.316,4.626,4.437,3.629,5.309,7.308,6.722,5.635,5.707,8.308,9.323,7.062,2023
186,TUR,TÃ¼rkiye,PCPIPCH,"Inflation, average consumer prices",Annual percentages of average consumer prices are year-on-year changes.,Percent change,Units,"See notes for:  Inflation, average consumer prices (Index).",110.638,36.364,31.111,31.335,48.378,44.506,34.617,38.851,73.668,63.267,60.317,65.967,70.073,66.097,104.54,89.566,80.236,85.653,84.721,64.87,55.035,54.246,45.134,25.337,8.599,8.179,9.597,8.756,10.444,6.251,8.566,6.472,8.892,7.493,8.855,7.671,7.775,11.144,16.332,15.177,12.279,19.596,72.309,53.859,60.916,2023
925,TKM,Turkmenistan,PCPIPCH,"Inflation, average consumer prices",Annual percentages of average consumer prices are year-on-year changes.,Percent change,Units,"See notes for:  Inflation, average consumer prices (Index).",,,,,,,,,,,,,,3102.4,1748.3,1005.261,992.389,83.722,16.771,23.465,8.04,11.632,8.753,5.587,5.885,10.708,8.157,6.259,14.539,-2.672,4.447,5.277,5.314,6.814,6.009,7.405,3.594,8.041,13.3,5.092,6.1,19.479,11.211,-1.588,6.327,2022
869,TUV,Tuvalu,PCPIPCH,"Inflation, average consumer prices",Annual percentages of average consumer prices are year-on-year changes.,Percent change,Units,"See notes for:  Inflation, average consumer prices (Index).",,,,,,,,,,,,,,,,,,,,,,1.531,5.051,2.914,2.369,3.221,4.19,2.285,10.443,-0.283,-1.853,0.5,1.415,2.02,1.124,3.14,3.492,4.087,2.16,3.492,1.859,6.217,11.54,7.486,3.932,2023
746,UGA,Uganda,PCPIPCH,"Inflation, average consumer prices",Annual percentages of average consumer prices are year-on-year changes.,Percent change,Units,"See notes for:  Inflation, average consumer prices (Index).",99.203,100.0,100.0,150.0,16.711,100.0,143.8,215.4,166.7,130.8,45.4,20.819,42.248,29.969,5.85,6.787,7.516,7.729,5.834,5.759,3.382,1.922,-0.3,8.71,3.666,8.602,7.219,6.09,12.044,13.017,3.983,18.659,14.011,5.467,4.29,3.692,5.169,5.576,2.549,2.137,2.758,2.207,7.192,5.352,3.482,2023
926,UKR,Ukraine,PCPIPCH,"Inflation, average consumer prices",Annual percentages of average consumer prices are year-on-year changes.,Percent change,Units,"See notes for:  Inflation, average consumer prices (Index).",,,,,,,,,,,,,,4734.881,891.188,376.746,80.23,15.886,10.577,22.684,28.203,11.959,0.757,5.21,9.036,13.52,9.076,12.843,25.201,15.9,9.365,7.958,0.565,-0.261,12.1,48.684,13.913,14.443,10.947,7.886,2.74,9.361,20.183,12.851,5.836,2023
466,ARE,United Arab Emirates,PCPIPCH,"Inflation, average consumer prices",Annual percentages of average consumer prices are year-on-year changes.,Percent change,Units,"See notes for:  Inflation, average consumer prices (Index).",10.066,7.946,7.083,1.297,2.433,3.5,5.435,5.498,4.995,2.792,0.604,3.4,6.383,5.273,5.699,4.33,2.976,2.966,1.994,2.1,1.348,2.8,2.918,3.119,5.041,6.195,9.285,11.128,12.258,-4.725,0.879,0.876,0.663,1.104,2.346,4.068,1.619,1.966,3.071,-1.934,-2.076,-0.113,4.827,1.623,2.3,2023
112,GBR,United Kingdom,PCPIPCH,"Inflation, average consumer prices",Annual percentages of average consumer prices are year-on-year changes.,Percent change,Units,"See notes for:  Inflation, average consumer prices (Index).",16.849,12.189,8.511,5.198,4.448,5.16,3.626,4.066,4.612,5.216,6.999,7.519,4.232,2.533,1.994,2.63,2.425,1.825,1.557,1.329,0.796,1.234,1.259,1.362,1.344,2.057,2.329,2.323,3.602,2.165,3.298,4.464,2.828,2.565,1.461,0.04,0.66,2.683,2.478,1.791,0.851,2.588,9.067,7.305,2.624,2023
111,USA,United States,PCPIPCH,"Inflation, average consumer prices",Annual percentages of average consumer prices are year-on-year changes.,Percent change,Units,"See notes for:  Inflation, average consumer prices (Index).",13.502,10.378,6.158,3.16,4.368,3.528,1.944,3.578,4.1,4.791,5.419,4.216,3.042,2.97,2.596,2.805,2.937,2.338,1.547,2.193,3.367,2.817,1.596,2.298,2.668,3.366,3.222,2.871,3.815,-0.32,1.637,3.14,2.073,1.466,1.615,0.121,1.267,2.131,2.439,1.813,1.249,4.682,7.992,4.128,2.987,2023
298,URY,Uruguay,PCPIPCH,"Inflation, average consumer prices",Annual percentages of average consumer prices are year-on-year changes.,Percent change,Units,"See notes for:  Inflation, average consumer prices (Index).",63.475,34.046,18.991,49.198,55.305,72.222,76.38,63.567,62.192,80.447,112.526,101.972,68.456,54.081,44.736,42.248,28.342,19.819,10.808,5.66,4.775,4.357,13.968,19.379,9.169,4.699,6.386,8.115,7.878,7.068,6.694,8.092,8.099,8.577,8.878,8.66,9.64,6.222,7.606,7.883,9.754,7.75,9.106,5.866,4.887,2023
927,UZB,Uzbekistan,PCPIPCH,"Inflation, average consumer prices",Annual percentages of average consumer prices are year-on-year changes.,Percent change,Units,"See notes for:  Inflation, average consumer prices (Index).",,,,,,,,,,,,,,534.18,1568.333,304.597,53.961,70.857,28.981,29.103,25.006,27.251,27.291,12.494,7.325,10.703,13.109,11.154,13.128,12.298,12.304,12.447,11.9,11.7,9.079,8.464,8.824,13.876,17.524,14.526,12.868,10.849,11.447,9.951,9.954,2023
846,VUT,Vanuatu,PCPIPCH,"Inflation, average consumer prices",Annual percentages of average consumer prices are year-on-year changes.,Percent change,Units,"See notes for:  Inflation, average consumer prices (Index).",11.24,26.846,6.673,1.653,5.516,1.066,4.766,16.039,8.76,7.748,4.759,6.469,4.058,3.566,2.303,2.23,0.926,2.813,3.556,1.999,2.538,3.578,1.964,3.016,1.419,1.199,2.041,3.935,4.842,4.297,2.763,0.874,1.347,1.459,0.799,2.483,0.842,3.067,2.381,2.713,5.346,2.343,6.679,11.183,4.215,2023
299,VEN,Venezuela,PCPIPCH,"Inflation, average consumer prices",Annual percentages of average consumer prices are year-on-year changes.,Percent change,Units,"See notes for:  Inflation, average consumer prices (Index).",21.355,16.244,9.607,6.242,12.25,11.382,11.544,28.137,29.468,84.463,40.656,34.205,31.423,38.122,60.817,59.923,99.876,50.04,35.782,23.57,16.206,12.531,22.434,31.091,21.747,15.955,13.663,18.699,31.441,26.041,28.187,26.09,21.069,40.639,62.169,121.738,254.949,438.117,65374.082,19906.024,2355.147,1588.513,186.542,337.458,59.61,2023
582,VNM,Vietnam,PCPIPCH,"Inflation, average consumer prices",Annual percentages of average consumer prices are year-on-year changes.,Percent change,Units,"See notes for:  Inflation, average consumer prices (Index).",25.156,69.6,95.401,49.487,64.897,91.602,453.538,360.357,374.354,95.77,36.031,81.817,37.705,8.379,10.378,16.926,5.593,3.095,8.11,4.093,-1.784,-0.439,3.765,3.11,7.812,8.3,7.664,8.377,23.311,6.693,9.14,18.685,9.121,6.592,4.087,0.647,2.675,3.521,3.54,2.795,3.22,1.837,3.157,3.253,4.144,2023
487,WBG,West Bank and Gaza,PCPIPCH,"Inflation, average consumer prices",Annual percentages of average consumer prices are year-on-year changes.,Percent change,Units,"See notes for:  Inflation, average consumer prices (Index).",,,,,,,,,,,,,,,,,,7.623,5.58,5.544,2.797,1.224,5.704,4.404,3.007,5.297,3.845,1.858,9.891,2.752,3.751,2.876,2.781,1.723,1.733,1.431,-0.22,0.213,-0.195,1.557,-0.711,1.238,3.74,5.872,,2023
474,YEM,Yemen,PCPIPCH,"Inflation, average consumer prices",Annual percentages of average consumer prices are year-on-year changes.,Percent change,Units,"See notes for:  Inflation, average consumer prices (Index).",,,,,,,,,,,,44.913,51.2,61.746,71.277,63.892,38.785,4.635,11.542,7.909,10.964,11.916,12.239,10.831,12.49,9.867,10.845,7.905,18.976,3.675,11.175,19.544,9.885,10.968,8.159,22.0,21.3,30.4,33.645,15.689,21.673,31.464,29.511,0.858,16.274,2022
754,ZMB,Zambia,PCPIPCH,"Inflation, average consumer prices",Annual percentages of average consumer prices are year-on-year changes.,Percent change,Units,"See notes for:  Inflation, average consumer prices (Index).",11.729,13.997,12.495,19.692,20.019,37.43,47.986,43.035,45.818,113.161,93.873,85.28,146.714,158.403,46.073,31.456,38.581,21.418,22.664,23.861,24.091,21.357,22.239,21.4,17.969,18.325,9.017,10.655,12.449,13.392,8.5,8.658,6.575,6.978,7.811,10.107,17.87,6.577,7.495,9.151,15.733,22.021,10.993,10.885,14.557,2022
698,ZWE,Zimbabwe,PCPIPCH,"Inflation, average consumer prices",Annual percentages of average consumer prices are year-on-year changes.,Percent change,Units,"See notes for:  Inflation, average consumer prices (Index).",,5.556,0.59,-8.452,-1.857,-16.01,10.666,12.785,-1.057,-3.847,1.345,-13.143,-2.998,0.376,-2.761,15.227,6.006,-0.965,-28.023,-13.431,4.475,-37.198,-34.445,-8.565,113.569,-31.522,32.974,-72.729,156.964,6.216,3.045,3.47,3.72,1.632,-0.213,-2.41,-1.558,0.907,10.607,255.292,557.21,98.546,193.399,667.361,635.313,2023
